2026-08-14 19:42:49.218 [http-nio-8080-exec-5] ERROR [traceId=784f94fc-f19f-41e2-ae43-b9afb2248020] c.e.app.api.GlobalExceptionHandler - [500] Could not write JSON: Document nesting depth (501) exceeds the maximum allowed (500, from `StreamWriteConstraints.getMaxNestingDepth()`) — traceId=784f94fc-f19f-41e2-ae43-b9afb2248020
org.springframework.http.converter.HttpMessageNotWritableException: Could not write JSON: Document nesting depth (501) exceeds the maximum allowed (500, from `StreamWriteConstraints.getMaxNestingDepth()`)
	at org.springframework.http.converter.AbstractJacksonHttpMessageConverter.writeInternal(AbstractJacksonHttpMessageConverter.java:444)
	at org.springframework.http.converter.AbstractSmartHttpMessageConverter.write(AbstractSmartHttpMessageConverter.java:116)
	at org.springframework.web.servlet.mvc.method.annotation.AbstractMessageConverterMethodProcessor.writeWithMessageConverters(AbstractMessageConverterMethodProcessor.java:342)
	at org.springframework.web.servlet.mvc.method.annotation.RequestResponseBodyMethodProcessor.handleReturnValue(RequestResponseBodyMethodProcessor.java:213)
	at org.springframework.web.method.support.HandlerMethodReturnValueHandlerComposite.handleReturnValue(HandlerMethodReturnValueHandlerComposite.java:77)
	at org.springframework.web.servlet.mvc.method.annotation.ServletInvocableHandlerMethod.invokeAndHandle(ServletInvocableHandlerMethod.java:135)
	at org.springframework.web.servlet.mvc.method.annotation.RequestMappingHandlerAdapter.invokeHandlerMethod(RequestMappingHandlerAdapter.java:934)
	at org.springframework.web.servlet.mvc.method.annotation.RequestMappingHandlerAdapter.handleInternal(RequestMappingHandlerAdapter.java:853)
	at org.springframework.web.servlet.mvc.method.AbstractHandlerMethodAdapter.handle(AbstractHandlerMethodAdapter.java:86)
	at org.springframework.web.servlet.DispatcherServlet.doDispatch(DispatcherServlet.java:963)
	at org.springframework.web.servlet.DispatcherServlet.doService(DispatcherServlet.java:866)
	at org.springframework.web.servlet.FrameworkServlet.processRequest(FrameworkServlet.java:1000)
	at org.springframework.web.servlet.FrameworkServlet.doPost(FrameworkServlet.java:903)
	at jakarta.servlet.http.HttpServlet.service(HttpServlet.java:649)
	at org.springframework.web.servlet.FrameworkServlet.service(FrameworkServlet.java:874)
	at jakarta.servlet.http.HttpServlet.service(HttpServlet.java:710)
	at org.apache.catalina.core.ApplicationFilterChain.doFilter(ApplicationFilterChain.java:128)
	at org.apache.tomcat.websocket.server.WsFilter.doFilter(WsFilter.java:53)
	at org.apache.catalina.core.ApplicationFilterChain.doFilter(ApplicationFilterChain.java:107)
	at com.erpilot.app.common.filter.RequestTraceFilter.doFilterInternal(RequestTraceFilter.java:35)
	at org.springframework.web.filter.OncePerRequestFilter.doFilter(OncePerRequestFilter.java:116)
	at org.apache.catalina.core.ApplicationFilterChain.doFilter(ApplicationFilterChain.java:107)
	at org.springframework.web.filter.RequestContextFilter.doFilterInternal(RequestContextFilter.java:100)
	at org.springframework.web.filter.OncePerRequestFilter.doFilter(OncePerRequestFilter.java:116)
	at org.apache.catalina.core.ApplicationFilterChain.doFilter(ApplicationFilterChain.java:107)
	at org.springframework.web.filter.FormContentFilter.doFilterInternal(FormContentFilter.java:93)
	at org.springframework.web.filter.OncePerRequestFilter.doFilter(OncePerRequestFilter.java:116)
	at org.apache.catalina.core.ApplicationFilterChain.doFilter(ApplicationFilterChain.java:107)
	at org.springframework.web.filter.CharacterEncodingFilter.doFilterInternal(CharacterEncodingFilter.java:199)
	at org.springframework.web.filter.OncePerRequestFilter.doFilter(OncePerRequestFilter.java:116)
	at org.apache.catalina.core.ApplicationFilterChain.doFilter(ApplicationFilterChain.java:107)
	at org.apache.catalina.core.StandardWrapperValve.invoke(StandardWrapperValve.java:165)
	at org.apache.catalina.core.StandardContextValve.invoke(StandardContextValve.java:77)
	at org.apache.catalina.authenticator.AuthenticatorBase.invoke(AuthenticatorBase.java:492)
	at org.apache.catalina.core.StandardHostValve.invoke(StandardHostValve.java:113)
	at org.apache.catalina.valves.ErrorReportValve.invoke(ErrorReportValve.java:83)
	at org.apache.catalina.core.StandardEngineValve.invoke(StandardEngineValve.java:72)
	at org.apache.catalina.connector.CoyoteAdapter.service(CoyoteAdapter.java:341)
	at org.apache.coyote.http11.Http11Processor.service(Http11Processor.java:397)
	at org.apache.coyote.AbstractProcessorLight.process(AbstractProcessorLight.java:63)
	at org.apache.coyote.AbstractProtocol$ConnectionHandler.process(AbstractProtocol.java:1272)
	at org.apache.tomcat.util.net.NioEndpoint$SocketProcessor.doRun(NioEndpoint.java:1801)
	at org.apache.tomcat.util.net.SocketProcessorBase.run(SocketProcessorBase.java:52)
	at org.apache.tomcat.util.threads.ThreadPoolExecutor.runWorker(ThreadPoolExecutor.java:946)
	at org.apache.tomcat.util.threads.ThreadPoolExecutor$Worker.run(ThreadPoolExecutor.java:480)
	at org.apache.tomcat.util.threads.TaskThread$WrappingRunnable.run(TaskThread.java:57)
	at java.base/java.lang.Thread.run(Thread.java:1583)
Caused by: tools.jackson.core.exc.StreamConstraintsException: Document nesting depth (501) exceeds the maximum allowed (500, from `StreamWriteConstraints.getMaxNestingDepth()`) (through reference chain: com.erpilot.app.api.dto.QueryApiResponse["lignes"]->java.util.ArrayList[0]->java.util.LinkedHashMap["special_features"]->org.postgresql.jdbc.PgArray["resultSet"]->org.postgresql.jdbc.PgResultSet["PGStatement"]->org.postgresql.jdbc.PgStatement["PGConnection"]->org.postgresql.jdbc.PgConnection["metaData"]->org.postgresql.jdbc.PgDatabaseMetaData["catalogs"]->org.postgresql.jdbc.PgResultSet["PGStatement"]->org.postgresql.jdbc.PgStatement["PGConnection"]->org.postgresql.jdbc.PgConnection["metaData"]->org.postgresql.jdbc.PgDatabaseMetaData["catalogs"]->org.postgresql.jdbc.PgResultSet["PGStatement"]->org.postgresql.jdbc.PgStatement["PGConnection"]->org.postgresql.jdbc.PgConnection["metaData"]->org.postgresql.jdbc.PgDatabaseMetaData["catalogs"]->org.postgresql.jdbc.PgResultSet["PGStatement"]->org.postgresql.jdbc.PgStatement["PGConnection"]->org.postgresql.jdbc.PgConnection["metaData"]->org.postgresql.jdbc.PgDatabaseMetaData["catalogs"]->org.postgresql.jdbc.PgResultSet["PGStatement"]->org.postgresql.jdbc.PgStatement["PGConnection"]->org.postgresql.jdbc.PgConnection["metaData"]->org.postgresql.jdbc.PgDatabaseMetaData["catalogs"]->org.postgresql.jdbc.PgResultSet["PGStatement"]->org.postgresql.jdbc.PgStatement["PGConnection"]->org.postgresql.jdbc.PgConnection["metaData"]->org.postgresql.jdbc.PgDatabaseMetaData["catalogs"]->org.postgresql.jdbc.PgResultSet["PGStatement"]->org.postgresql.jdbc.PgStatement["PGConnection"]->org.postgresql.jdbc.PgConnection["metaData"]->org.postgresql.jdbc.PgDatabaseMetaData["catalogs"]->org.postgresql.jdbc.PgResultSet["PGStatement"]->org.postgresql.jdbc.PgStatement["PGConnection"]->org.postgresql.jdbc.PgConnection["metaData"]->org.postgresql.jdbc.PgDatabaseMetaData["catalogs"]->org.postgresql.jdbc.PgResultSet["PGStatement"]->org.postgresql.jdbc.PgStatement["PGConnection"]->org.postgresql.jdbc.PgConnection["metaData"]->org.postgresql.jdbc.PgDatabaseMetaData["catalogs"]->org.postgresql.jdbc.PgResultSet["PGStatement"]->org.postgresql.jdbc.PgStatement["PGConnection"]->org.postgresql.jdbc.PgConnection["metaData"]->org.postgresql.jdbc.PgDatabaseMetaData["catalogs"]->org.postgresql.jdbc.PgResultSet["PGStatement"]->org.postgresql.jdbc.PgStatement["PGConnection"]->org.postgresql.jdbc.PgConnection["metaData"]->org.postgresql.jdbc.PgDatabaseMetaData["catalogs"]->org.postgresql.jdbc.PgResultSet["PGStatement"]->org.postgresql.jdbc.PgStatement["PGConnection"]->org.postgresql.jdbc.PgConnection["metaData"]->org.postgresql.jdbc.PgDatabaseMetaData["catalogs"]->org.postgresql.jdbc.PgResultSet["PGStatement"]->org.postgresql.jdbc.PgStatement["PGConnection"]->org.postgresql.jdbc.PgConnection["metaData"]->org.postgresql.jdbc.PgDatabaseMetaData["catalogs"]->org.postgresql.jdbc.PgResultSet["PGStatement"]->org.postgresql.jdbc.PgStatement["PGConnection"]->org.postgresql.jdbc.PgConnection["metaData"]->org.postgresql.jdbc.PgDatabaseMetaData["catalogs"]->org.postgresql.jdbc.PgResultSet["PGStatement"]->org.postgresql.jdbc.PgStatement["PGConnection"]->org.postgresql.jdbc.PgConnection["metaData"]->org.postgresql.jdbc.PgDatabaseMetaData["catalogs"]->org.postgresql.jdbc.PgResultSet["PGStatement"]->org.postgresql.jdbc.PgStatement["PGConnection"]->org.postgresql.jdbc.PgConnection["metaData"]->org.postgresql.jdbc.PgDatabaseMetaData["catalogs"]->org.postgresql.jdbc.PgResultSet["PGStatement"]->org.postgresql.jdbc.PgStatement["PGConnection"]->org.postgresql.jdbc.PgConnection["metaData"]->org.postgresql.jdbc.PgDatabaseMetaData["catalogs"]->org.postgresql.jdbc.PgResultSet["PGStatement"]->org.postgresql.jdbc.PgStatement["PGConnection"]->org.postgresql.jdbc.PgConnection["metaData"]->org.postgresql.jdbc.PgDatabaseMetaData["catalogs"]->org.postgresql.jdbc.PgResultSet["PGStatement"]->org.postgresql.jdbc.PgStatement["PGConnection"]->org.postgresql.jdbc.PgConnection["metaData"]->org.postgresql.jdbc.PgDatabaseMetaData["catalogs"]->org.postgresql.jdbc.PgResultSet["PGStatement"]->org.postgresql.jdbc.PgStatement["PGConnection"]->org.postgresql.jdbc.PgConnection["metaData"]->org.postgresql.jdbc.PgDatabaseMetaData["catalogs"]->org.postgresql.jdbc.PgResultSet["PGStatement"]->org.postgresql.jdbc.PgStatement["PGConnection"]->org.postgresql.jdbc.PgConnection["metaData"]->org.postgresql.jdbc.PgDatabaseMetaData["catalogs"]->org.postgresql.jdbc.PgResultSet["PGStatement"]->org.postgresql.jdbc.PgStatement["PGConnection"]->org.postgresql.jdbc.PgConnection["metaData"]->org.postgresql.jdbc.PgDatabaseMetaData["catalogs"]->org.postgresql.jdbc.PgResultSet["PGStatement"]->org.postgresql.jdbc.PgStatement["PGConnection"]->org.postgresql.jdbc.PgConnection["metaData"]->org.postgresql.jdbc.PgDatabaseMetaData["catalogs"]->org.postgresql.jdbc.PgResultSet["PGStatement"]->org.postgresql.jdbc.PgStatement["PGConnection"]->org.postgresql.jdbc.PgConnection["metaData"]->org.postgresql.jdbc.PgDatabaseMetaData["catalogs"]->org.postgresql.jdbc.PgResultSet["PGStatement"]->org.postgresql.jdbc.PgStatement["PGConnection"]->org.postgresql.jdbc.PgConnection["metaData"]->org.postgresql.jdbc.PgDatabaseMetaData["catalogs"]->org.postgresql.jdbc.PgResultSet["PGStatement"]->org.postgresql.jdbc.PgStatement["PGConnection"]->org.postgresql.jdbc.PgConnection["metaData"]->org.postgresql.jdbc.PgDatabaseMetaData["catalogs"]->org.postgresql.jdbc.PgResultSet["PGStatement"]->org.postgresql.jdbc.PgStatement["PGConnection"]->org.postgresql.jdbc.PgConnection["metaData"]->org.postgresql.jdbc.PgDatabaseMetaData["catalogs"]->org.postgresql.jdbc.PgResultSet["PGStatement"]->org.postgresql.jdbc.PgStatement["PGConnection"]->org.postgresql.jdbc.PgConnection["metaData"]->org.postgresql.jdbc.PgDatabaseMetaData["catalogs"]->org.postgresql.jdbc.PgResultSet["PGStatement"]->org.postgresql.jdbc.PgStatement["PGConnection"]->org.postgresql.jdbc.PgConnection["metaData"]->org.postgresql.jdbc.PgDatabaseMetaData["catalogs"]->org.postgresql.jdbc.PgResultSet["PGStatement"]->org.postgresql.jdbc.PgStatement["PGConnection"]->org.postgresql.jdbc.PgConnection["metaData"]->org.postgresql.jdbc.PgDatabaseMetaData["catalogs"]->org.postgresql.jdbc.PgResultSet["PGStatement"]->org.postgresql.jdbc.PgStatement["PGConnection"]->org.postgresql.jdbc.PgConnection["metaData"]->org.postgresql.jdbc.PgDatabaseMetaData["catalogs"]->org.postgresql.jdbc.PgResultSet["PGStatement"]->org.postgresql.jdbc.PgStatement["PGConnection"]->org.postgresql.jdbc.PgConnection["metaData"]->org.postgresql.jdbc.PgDatabaseMetaData["catalogs"]->org.postgresql.jdbc.PgResultSet["PGStatement"]->org.postgresql.jdbc.PgStatement["PGConnection"]->org.postgresql.jdbc.PgConnection["metaData"]->org.postgresql.jdbc.PgDatabaseMetaData["catalogs"]->org.postgresql.jdbc.PgResultSet["PGStatement"]->org.postgresql.jdbc.PgStatement["PGConnection"]->org.postgresql.jdbc.PgConnection["metaData"]->org.postgresql.jdbc.PgDatabaseMetaData["catalogs"]->org.postgresql.jdbc.PgResultSet["PGStatement"]->org.postgresql.jdbc.PgStatement["PGConnection"]->org.postgresql.jdbc.PgConnection["metaData"]->org.postgresql.jdbc.PgDatabaseMetaData["catalogs"]->org.postgresql.jdbc.PgResultSet["PGStatement"]->org.postgresql.jdbc.PgStatement["PGConnection"]->org.postgresql.jdbc.PgConnection["metaData"]->org.postgresql.jdbc.PgDatabaseMetaData["catalogs"]->org.postgresql.jdbc.PgResultSet["PGStatement"]->org.postgresql.jdbc.PgStatement["PGConnection"]->org.postgresql.jdbc.PgConnection["metaData"]->org.postgresql.jdbc.PgDatabaseMetaData["catalogs"]->org.postgresql.jdbc.PgResultSet["PGStatement"]->org.postgresql.jdbc.PgStatement["PGConnection"]->org.postgresql.jdbc.PgConnection["metaData"]->org.postgresql.jdbc.PgDatabaseMetaData["catalogs"]->org.postgresql.jdbc.PgResultSet["PGStatement"]->org.postgresql.jdbc.PgStatement["PGConnection"]->org.postgresql.jdbc.PgConnection["metaData"]->org.postgresql.jdbc.PgDatabaseMetaData["catalogs"]->org.postgresql.jdbc.PgResultSet["PGStatement"]->org.postgresql.jdbc.PgStatement["PGConnection"]->org.postgresql.jdbc.PgConnection["metaData"]->org.postgresql.jdbc.PgDatabaseMetaData["catalogs"]->org.postgresql.jdbc.PgResultSet["PGStatement"]->org.postgresql.jdbc.PgStatement["PGConnection"]->org.postgresql.jdbc.PgConnection["metaData"]->org.postgresql.jdbc.PgDatabaseMetaData["catalogs"]->org.postgresql.jdbc.PgResultSet["PGStatement"]->org.postgresql.jdbc.PgStatement["PGConnection"]->org.postgresql.jdbc.PgConnection["metaData"]->org.postgresql.jdbc.PgDatabaseMetaData["catalogs"]->org.postgresql.jdbc.PgResultSet["PGStatement"]->org.postgresql.jdbc.PgStatement["PGConnection"]->org.postgresql.jdbc.PgConnection["metaData"]->org.postgresql.jdbc.PgDatabaseMetaData["catalogs"]->org.postgresql.jdbc.PgResultSet["PGStatement"]->org.postgresql.jdbc.PgStatement["PGConnection"]->org.postgresql.jdbc.PgConnection["metaData"]->org.postgresql.jdbc.PgDatabaseMetaData["catalogs"]->org.postgresql.jdbc.PgResultSet["PGStatement"]->org.postgresql.jdbc.PgStatement["PGConnection"]->org.postgresql.jdbc.PgConnection["metaData"]->org.postgresql.jdbc.PgDatabaseMetaData["catalogs"]->org.postgresql.jdbc.PgResultSet["PGStatement"]->org.postgresql.jdbc.PgStatement["PGConnection"]->org.postgresql.jdbc.PgConnection["metaData"]->org.postgresql.jdbc.PgDatabaseMetaData["catalogs"]->org.postgresql.jdbc.PgResultSet["PGStatement"]->org.postgresql.jdbc.PgStatement["PGConnection"]->org.postgresql.jdbc.PgConnection["metaData"]->org.postgresql.jdbc.PgDatabaseMetaData["catalogs"]->org.postgresql.jdbc.PgResultSet["PGStatement"]->org.postgresql.jdbc.PgStatement["PGConnection"]->org.postgresql.jdbc.PgConnection["metaData"]->org.postgresql.jdbc.PgDatabaseMetaData["catalogs"]->org.postgresql.jdbc.PgResultSet["PGStatement"]->org.postgresql.jdbc.PgStatement["PGConnection"]->org.postgresql.jdbc.PgConnection["metaData"]->org.postgresql.jdbc.PgDatabaseMetaData["catalogs"]->org.postgresql.jdbc.PgResultSet["PGStatement"]->org.postgresql.jdbc.PgStatement["PGConnection"]->org.postgresql.jdbc.PgConnection["metaData"]->org.postgresql.jdbc.PgDatabaseMetaData["catalogs"]->org.postgresql.jdbc.PgResultSet["PGStatement"]->org.postgresql.jdbc.PgStatement["PGConnection"]->org.postgresql.jdbc.PgConnection["metaData"]->org.postgresql.jdbc.PgDatabaseMetaData["catalogs"]->org.postgresql.jdbc.PgResultSet["PGStatement"]->org.postgresql.jdbc.PgStatement["PGConnection"]->org.postgresql.jdbc.PgConnection["metaData"]->org.postgresql.jdbc.PgDatabaseMetaData["catalogs"]->org.postgresql.jdbc.PgResultSet["PGStatement"]->org.postgresql.jdbc.PgStatement["PGConnection"]->org.postgresql.jdbc.PgConnection["metaData"]->org.postgresql.jdbc.PgDatabaseMetaData["catalogs"]->org.postgresql.jdbc.PgResultSet["PGStatement"]->org.postgresql.jdbc.PgStatement["PGConnection"]->org.postgresql.jdbc.PgConnection["metaData"]->org.postgresql.jdbc.PgDatabaseMetaData["catalogs"]->org.postgresql.jdbc.PgResultSet["PGStatement"]->org.postgresql.jdbc.PgStatement["PGConnection"]->org.postgresql.jdbc.PgConnection["metaData"]->org.postgresql.jdbc.PgDatabaseMetaData["catalogs"]->org.postgresql.jdbc.PgResultSet["PGStatement"]->org.postgresql.jdbc.PgStatement["PGConnection"]->org.postgresql.jdbc.PgConnection["metaData"]->org.postgresql.jdbc.PgDatabaseMetaData["catalogs"]->org.postgresql.jdbc.PgResultSet["PGStatement"]->org.postgresql.jdbc.PgStatement["PGConnection"]->org.postgresql.jdbc.PgConnection["metaData"]->org.postgresql.jdbc.PgDatabaseMetaData["catalogs"]->org.postgresql.jdbc.PgResultSet["PGStatement"]->org.postgresql.jdbc.PgStatement["PGConnection"]->org.postgresql.jdbc.PgConnection["metaData"]->org.postgresql.jdbc.PgDatabaseMetaData["catalogs"]->org.postgresql.jdbc.PgResultSet["PGStatement"]->org.postgresql.jdbc.PgStatement["PGConnection"]->org.postgresql.jdbc.PgConnection["metaData"]->org.postgresql.jdbc.PgDatabaseMetaData["catalogs"]->org.postgresql.jdbc.PgResultSet["PGStatement"]->org.postgresql.jdbc.PgStatement["PGConnection"]->org.postgresql.jdbc.PgConnection["metaData"]->org.postgresql.jdbc.PgDatabaseMetaData["catalogs"]->org.postgresql.jdbc.PgResultSet["PGStatement"]->org.postgresql.jdbc.PgStatement["PGConnection"]->org.postgresql.jdbc.PgConnection["metaData"]->org.postgresql.jdbc.PgDatabaseMetaData["catalogs"]->org.postgresql.jdbc.PgResultSet["PGStatement"]->org.postgresql.jdbc.PgStatement["PGConnection"]->org.postgresql.jdbc.PgConnection["metaData"]->org.postgresql.jdbc.PgDatabaseMetaData["catalogs"]->org.postgresql.jdbc.PgResultSet["PGStatement"]->org.postgresql.jdbc.PgStatement["PGConnection"]->org.postgresql.jdbc.PgConnection["metaData"]->org.postgresql.jdbc.PgDatabaseMetaData["catalogs"]->org.postgresql.jdbc.PgResultSet["PGStatement"]->org.postgresql.jdbc.PgStatement["PGConnection"]->org.postgresql.jdbc.PgConnection["metaData"]->org.postgresql.jdbc.PgDatabaseMetaData["catalogs"]->org.postgresql.jdbc.PgResultSet["PGStatement"]->org.postgresql.jdbc.PgStatement["PGConnection"]->org.postgresql.jdbc.PgConnection["metaData"]->org.postgresql.jdbc.PgDatabaseMetaData["catalogs"]->org.postgresql.jdbc.PgResultSet["PGStatement"]->org.postgresql.jdbc.PgStatement["PGConnection"]->org.postgresql.jdbc.PgConnection["metaData"]->org.postgresql.jdbc.PgDatabaseMetaData["catalogs"]->org.postgresql.jdbc.PgResultSet["PGStatement"]->org.postgresql.jdbc.PgStatement["PGConnection"]->org.postgresql.jdbc.PgConnection["metaData"]->org.postgresql.jdbc.PgDatabaseMetaData["catalogs"]->org.postgresql.jdbc.PgResultSet["PGStatement"]->org.postgresql.jdbc.PgStatement["PGConnection"]->org.postgresql.jdbc.PgConnection["metaData"]->org.postgresql.jdbc.PgDatabaseMetaData["catalogs"]->org.postgresql.jdbc.PgResultSet["PGStatement"]->org.postgresql.jdbc.PgStatement["PGConnection"]->org.postgresql.jdbc.PgConnection["metaData"]->org.postgresql.jdbc.PgDatabaseMetaData["catalogs"]->org.postgresql.jdbc.PgResultSet["PGStatement"]->org.postgresql.jdbc.PgStatement["PGConnection"]->org.postgresql.jdbc.PgConnection["metaData"]->org.postgresql.jdbc.PgDatabaseMetaData["catalogs"]->org.postgresql.jdbc.PgResultSet["PGStatement"]->org.postgresql.jdbc.PgStatement["PGConnection"]->org.postgresql.jdbc.PgConnection["metaData"]->org.postgresql.jdbc.PgDatabaseMetaData["catalogs"]->org.postgresql.jdbc.PgResultSet["PGStatement"]->org.postgresql.jdbc.PgStatement["PGConnection"]->org.postgresql.jdbc.PgConnection["metaData"]->org.postgresql.jdbc.PgDatabaseMetaData["catalogs"]->org.postgresql.jdbc.PgResultSet["PGStatement"]->org.postgresql.jdbc.PgStatement["PGConnection"]->org.postgresql.jdbc.PgConnection["metaData"]->org.postgresql.jdbc.PgDatabaseMetaData["catalogs"]->org.postgresql.jdbc.PgResultSet["PGStatement"]->org.postgresql.jdbc.PgStatement["PGConnection"]->org.postgresql.jdbc.PgConnection["metaData"]->org.postgresql.jdbc.PgDatabaseMetaData["catalogs"]->org.postgresql.jdbc.PgResultSet["PGStatement"]->org.postgresql.jdbc.PgStatement["PGConnection"]->org.postgresql.jdbc.PgConnection["metaData"]->org.postgresql.jdbc.PgDatabaseMetaData["catalogs"]->org.postgresql.jdbc.PgResultSet["PGStatement"]->org.postgresql.jdbc.PgStatement["PGConnection"]->org.postgresql.jdbc.PgConnection["metaData"]->org.postgresql.jdbc.PgDatabaseMetaData["catalogs"]->org.postgresql.jdbc.PgResultSet["PGStatement"]->org.postgresql.jdbc.PgStatement["PGConnection"]->org.postgresql.jdbc.PgConnection["metaData"]->org.postgresql.jdbc.PgDatabaseMetaData["catalogs"]->org.postgresql.jdbc.PgResultSet["PGStatement"]->org.postgresql.jdbc.PgStatement["PGConnection"]->org.postgresql.jdbc.PgConnection["metaData"]->org.postgresql.jdbc.PgDatabaseMetaData["catalogs"]->org.postgresql.jdbc.PgResultSet["PGStatement"]->org.postgresql.jdbc.PgStatement["PGConnection"]->org.postgresql.jdbc.PgConnection["metaData"]->org.postgresql.jdbc.PgDatabaseMetaData["catalogs"]->org.postgresql.jdbc.PgResultSet["PGStatement"]->org.postgresql.jdbc.PgStatement["PGConnection"]->org.postgresql.jdbc.PgConnection["metaData"]->org.postgresql.jdbc.PgDatabaseMetaData["catalogs"]->org.postgresql.jdbc.PgResultSet["PGStatement"]->org.postgresql.jdbc.PgStatement["PGConnection"]->org.postgresql.jdbc.PgConnection["metaData"]->org.postgresql.jdbc.PgDatabaseMetaData["catalogs"]->org.postgresql.jdbc.PgResultSet["PGStatement"]->org.postgresql.jdbc.PgStatement["PGConnection"]->org.postgresql.jdbc.PgConnection["metaData"]->org.postgresql.jdbc.PgDatabaseMetaData["catalogs"]->org.postgresql.jdbc.PgResultSet["PGStatement"]->org.postgresql.jdbc.PgStatement["PGConnection"]->org.postgresql.jdbc.PgConnection["metaData"]->org.postgresql.jdbc.PgDatabaseMetaData["catalogs"]->org.postgresql.jdbc.PgResultSet["PGStatement"]->org.postgresql.jdbc.PgStatement["PGConnection"]->org.postgresql.jdbc.PgConnection["metaData"]->org.postgresql.jdbc.PgDatabaseMetaData["catalogs"]->org.postgresql.jdbc.PgResultSet["PGStatement"]->org.postgresql.jdbc.PgStatement["PGConnection"]->org.postgresql.jdbc.PgConnection["metaData"]->org.postgresql.jdbc.PgDatabaseMetaData["catalogs"]->org.postgresql.jdbc.PgResultSet["PGStatement"]->org.postgresql.jdbc.PgStatement["PGConnection"]->org.postgresql.jdbc.PgConnection["metaData"]->org.postgresql.jdbc.PgDatabaseMetaData["catalogs"]->org.postgresql.jdbc.PgResultSet["PGStatement"]->org.postgresql.jdbc.PgStatement["PGConnection"]->org.postgresql.jdbc.PgConnection["metaData"]->org.postgresql.jdbc.PgDatabaseMetaData["catalogs"]->org.postgresql.jdbc.PgResultSet["PGStatement"]->org.postgresql.jdbc.PgStatement["PGConnection"]->org.postgresql.jdbc.PgConnection["metaData"]->org.postgresql.jdbc.PgDatabaseMetaData["catalogs"]->org.postgresql.jdbc.PgResultSet["PGStatement"]->org.postgresql.jdbc.PgStatement["PGConnection"]->org.postgresql.jdbc.PgConnection["metaData"]->org.postgresql.jdbc.PgDatabaseMetaData["catalogs"]->org.postgresql.jdbc.PgResultSet["PGStatement"]->org.postgresql.jdbc.PgStatement["PGConnection"]->org.postgresql.jdbc.PgConnection["metaData"]->org.postgresql.jdbc.PgDatabaseMetaData["catalogs"]->org.postgresql.jdbc.PgResultSet["PGStatement"]->org.postgresql.jdbc.PgStatement["PGConnection"]->org.postgresql.jdbc.PgConnection["metaData"]->org.postgresql.jdbc.PgDatabaseMetaData["catalogs"]->org.postgresql.jdbc.PgResultSet["PGStatement"]->org.postgresql.jdbc.PgStatement["PGConnection"]->org.postgresql.jdbc.PgConnection["metaData"]->org.postgresql.jdbc.PgDatabaseMetaData["catalogs"]->org.postgresql.jdbc.PgResultSet["PGStatement"]->org.postgresql.jdbc.PgStatement["PGConnection"]->org.postgresql.jdbc.PgConnection["metaData"]->org.postgresql.jdbc.PgDatabaseMetaData["catalogs"]->org.postgresql.jdbc.PgResultSet["PGStatement"]->org.postgresql.jdbc.PgStatement["PGConnection"]->org.postgresql.jdbc.PgConnection["metaData"]->org.postgresql.jdbc.PgDatabaseMetaData["catalogs"]->org.postgresql.jdbc.PgResultSet["PGStatement"]->org.postgresql.jdbc.PgStatement["PGConnection"]->org.postgresql.jdbc.PgConnection["metaData"]->org.postgresql.jdbc.PgDatabaseMetaData["catalogs"]->org.postgresql.jdbc.PgResultSet["PGStatement"]->org.postgresql.jdbc.PgStatement["PGConnection"]->org.postgresql.jdbc.PgConnection["metaData"]->org.postgresql.jdbc.PgDatabaseMetaData["catalogs"]->org.postgresql.jdbc.PgResultSet["PGStatement"]->org.postgresql.jdbc.PgStatement["PGConnection"]->org.postgresql.jdbc.PgConnection["metaData"]->org.postgresql.jdbc.PgDatabaseMetaData["catalogs"]->org.postgresql.jdbc.PgResultSet["PGStatement"]->org.postgresql.jdbc.PgStatement["PGConnection"]->org.postgresql.jdbc.PgConnection["metaData"]->org.postgresql.jdbc.PgDatabaseMetaData["catalogs"]->org.postgresql.jdbc.PgResultSet["PGStatement"]->org.postgresql.jdbc.PgStatement["PGConnection"]->org.postgresql.jdbc.PgConnection["metaData"]->org.postgresql.jdbc.PgDatabaseMetaData["catalogs"]->org.postgresql.jdbc.PgResultSet["PGStatement"]->org.postgresql.jdbc.PgStatement["PGConnection"]->org.postgresql.jdbc.PgConnection["metaData"]->org.postgresql.jdbc.PgDatabaseMetaData["catalogs"]->org.postgresql.jdbc.PgResultSet["PGStatement"]->org.postgresql.jdbc.PgStatement["PGConnection"]->org.postgresql.jdbc.PgConnection["metaData"]->org.postgresql.jdbc.PgDatabaseMetaData["catalogs"]->org.postgresql.jdbc.PgResultSet["PGStatement"]->org.postgresql.jdbc.PgStatement["PGConnection"]->org.postgresql.jdbc.PgConnection["metaData"]->org.postgresql.jdbc.PgDatabaseMetaData["catalogs"]->org.postgresql.jdbc.PgResultSet["PGStatement"]->org.postgresql.jdbc.PgStatement["PGConnection"]->org.postgresql.jdbc.PgConnection["metaData"]->org.postgresql.jdbc.PgDatabaseMetaData["catalogs"]->org.postgresql.jdbc.PgResultSet["PGStatement"]->org.postgresql.jdbc.PgStatement["PGConnection"]->org.postgresql.jdbc.PgConnection["metaData"]->org.postgresql.jdbc.PgDatabaseMetaData["catalogs"]->org.postgresql.jdbc.PgResultSet["PGStatement"]->org.postgresql.jdbc.PgStatement["PGConnection"]->org.postgresql.jdbc.PgConnection["metaData"]->org.postgresql.jdbc.PgDatabaseMetaData["catalogs"]->org.postgresql.jdbc.PgResultSet["PGStatement"]->org.postgresql.jdbc.PgStatement["PGConnection"]->org.postgresql.jdbc.PgConnection["metaData"]->org.postgresql.jdbc.PgDatabaseMetaData["catalogs"]->org.postgresql.jdbc.PgResultSet["PGStatement"]->org.postgresql.jdbc.PgStatement["PGConnection"]->org.postgresql.jdbc.PgConnection["metaData"]->org.postgresql.jdbc.PgDatabaseMetaData["catalogs"]->org.postgresql.jdbc.PgResultSet["PGStatement"]->org.postgresql.jdbc.PgStatement["PGConnection"]->org.postgresql.jdbc.PgConnection["metaData"]->org.postgresql.jdbc.PgDatabaseMetaData["catalogs"]->org.postgresql.jdbc.PgResultSet["PGStatement"]->org.postgresql.jdbc.PgStatement["PGConnection"]->org.postgresql.jdbc.PgConnection["metaData"]->org.postgresql.jdbc.PgDatabaseMetaData["catalogs"]->org.postgresql.jdbc.PgResultSet["PGStatement"]->org.postgresql.jdbc.PgStatement["PGConnection"]->org.postgresql.jdbc.PgConnection["metaData"]->org.postgresql.jdbc.PgDatabaseMetaData["catalogs"]->org.postgresql.jdbc.PgResultSet["PGStatement"]->org.postgresql.jdbc.PgStatement["PGConnection"]->org.postgresql.jdbc.PgConnection["metaData"]->org.postgresql.jdbc.PgDatabaseMetaData["catalogs"]->org.postgresql.jdbc.PgResultSet["PGStatement"]->org.postgresql.jdbc.PgStatement["PGConnection"]->org.postgresql.jdbc.PgConnection["metaData"]->org.postgresql.jdbc.PgDatabaseMetaData["catalogs"]->org.postgresql.jdbc.PgResultSet["PGStatement"]->org.postgresql.jdbc.PgStatement["PGConnection"]->org.postgresql.jdbc.PgConnection["metaData"]->org.postgresql.jdbc.PgDatabaseMetaData["catalogs"]->org.postgresql.jdbc.PgResultSet["PGStatement"]->org.postgresql.jdbc.PgStatement["PGConnection"]->org.postgresql.jdbc.PgConnection["metaData"]->org.postgresql.jdbc.PgDatabaseMetaData["catalogs"]->org.postgresql.jdbc.PgResultSet["PGStatement"]->org.postgresql.jdbc.PgStatement["PGConnection"]->org.postgresql.jdbc.PgConnection["metaData"]->org.postgresql.jdbc.PgDatabaseMetaData["catalogs"]->org.postgresql.jdbc.PgResultSet["PGStatement"]->org.postgresql.jdbc.PgStatement["PGConnection"]->org.postgresql.jdbc.PgConnection["metaData"]->org.postgresql.jdbc.PgDatabaseMetaData["catalogs"]->org.postgresql.jdbc.PgResultSet["PGStatement"]->org.postgresql.jdbc.PgStatement["PGConnection"]->org.postgresql.jdbc.PgConnection["metaData"]->org.postgresql.jdbc.PgDatabaseMetaData["catalogs"]->org.postgresql.jdbc.PgResultSet["PGStatement"]->org.postgresql.jdbc.PgStatement["PGConnection"]->org.postgresql.jdbc.PgConnection["metaData"]->org.postgresql.jdbc.PgDatabaseMetaData["catalogs"]->org.postgresql.jdbc.PgResultSet["PGStatement"]->org.postgresql.jdbc.PgStatement["PGConnection"]->org.postgresql.jdbc.PgConnection["metaData"]->org.postgresql.jdbc.PgDatabaseMetaData["catalogs"]->org.postgresql.jdbc.PgResultSet["PGStatement"]->org.postgresql.jdbc.PgStatement["PGConnection"]->org.postgresql.jdbc.PgConnection["metaData"]->org.postgresql.jdbc.PgDatabaseMetaData["catalogs"]->org.postgresql.jdbc.PgResultSet["PGStatement"]->org.postgresql.jdbc.PgStatement["PGConnection"]->org.postgresql.jdbc.PgConnection["metaData"]->org.postgresql.jdbc.PgDatabaseMetaData["catalogs"]->org.postgresql.jdbc.PgResultSet["PGStatement"]->org.postgresql.jdbc.PgStatement["PGConnection"]->org.postgresql.jdbc.PgConnection["metaData"]->org.postgresql.jdbc.PgDatabaseMetaData["catalogs"]->org.postgresql.jdbc.PgResultSet["PGStatement"]->org.postgresql.jdbc.PgStatement["PGConnection"]->org.postgresql.jdbc.PgConnection["logger"]->java.util.logging.Logger["parent"]->java.util.logging.Logger["parent"]->java.util.logging.LogManager$RootLogger["handlers"]->org.slf4j.bridge.SLF4JBridgeHandler[0]->org.slf4j.bridge.SLF4JBridgeHandler["errorManager"])
	at tools.jackson.core.StreamWriteConstraints._constructException(StreamWriteConstraints.java:177)
	at tools.jackson.core.StreamWriteConstraints.validateNestingDepth(StreamWriteConstraints.java:162)
	at tools.jackson.core.json.UTF8JsonGenerator.writeStartObject(UTF8JsonGenerator.java:408)
	at tools.jackson.databind.ser.std.ToEmptyObjectSerializer.serialize(ToEmptyObjectSerializer.java:35)
	at tools.jackson.databind.ser.impl.UnknownSerializer.serialize(UnknownSerializer.java:27)
	at tools.jackson.databind.ser.BeanPropertyWriter.serializeAsProperty(BeanPropertyWriter.java:648)
	at tools.jackson.databind.ser.UnrolledBeanSerializer.serializeNonFiltered(UnrolledBeanSerializer.java:200)
	at tools.jackson.databind.ser.UnrolledBeanSerializer.serialize(UnrolledBeanSerializer.java:179)
	at tools.jackson.databind.ser.jdk.ObjectArraySerializer.serializeContents(ObjectArraySerializer.java:318)
	at tools.jackson.databind.ser.jdk.ObjectArraySerializer.serialize(ObjectArraySerializer.java:271)
	at tools.jackson.databind.ser.jdk.ObjectArraySerializer.serialize(ObjectArraySerializer.java:23)
	at tools.jackson.databind.ser.BeanPropertyWriter.serializeAsProperty(BeanPropertyWriter.java:648)
	at tools.jackson.databind.ser.bean.BeanSerializerBase._serializePropertiesNoView(BeanSerializerBase.java:747)
	at tools.jackson.databind.ser.BeanSerializer.serialize(BeanSerializer.java:171)
	at tools.jackson.databind.ser.BeanPropertyWriter.serializeAsProperty(BeanPropertyWriter.java:648)
	at tools.jackson.databind.ser.bean.BeanSerializerBase._serializePropertiesNoView(BeanSerializerBase.java:745)
	at tools.jackson.databind.ser.BeanSerializer.serialize(BeanSerializer.java:171)
	at tools.jackson.databind.ser.BeanPropertyWriter.serializeAsProperty(BeanPropertyWriter.java:648)
	at tools.jackson.databind.ser.bean.BeanSerializerBase._serializePropertiesNoView(BeanSerializerBase.java:745)
	at tools.jackson.databind.ser.BeanSerializer.serialize(BeanSerializer.java:171)
	at tools.jackson.databind.ser.BeanPropertyWriter.serializeAsProperty(BeanPropertyWriter.java:648)
	at tools.jackson.databind.ser.bean.BeanSerializerBase._serializePropertiesNoView(BeanSerializerBase.java:749)
	at tools.jackson.databind.ser.BeanSerializer.serialize(BeanSerializer.java:171)
	at tools.jackson.databind.ser.BeanPropertyWriter.serializeAsProperty(BeanPropertyWriter.java:648)
	at tools.jackson.databind.ser.bean.BeanSerializerBase._serializePropertiesNoView(BeanSerializerBase.java:745)
	at tools.jackson.databind.ser.BeanSerializer.serialize(BeanSerializer.java:171)
	at tools.jackson.databind.ser.BeanPropertyWriter.serializeAsProperty(BeanPropertyWriter.java:648)
	at tools.jackson.databind.ser.bean.BeanSerializerBase._serializePropertiesNoView(BeanSerializerBase.java:745)
	at tools.jackson.databind.ser.BeanSerializer.serialize(BeanSerializer.java:171)
	at tools.jackson.databind.ser.BeanPropertyWriter.serializeAsProperty(BeanPropertyWriter.java:648)
	at tools.jackson.databind.ser.bean.BeanSerializerBase._serializePropertiesNoView(BeanSerializerBase.java:745)
	at tools.jackson.databind.ser.BeanSerializer.serialize(BeanSerializer.java:171)
	at tools.jackson.databind.ser.BeanPropertyWriter.serializeAsProperty(BeanPropertyWriter.java:648)
	at tools.jackson.databind.ser.bean.BeanSerializerBase._serializePropertiesNoView(BeanSerializerBase.java:751)
	at tools.jackson.databind.ser.BeanSerializer.serialize(BeanSerializer.java:171)
	at tools.jackson.databind.ser.BeanPropertyWriter.serializeAsProperty(BeanPropertyWriter.java:648)
	at tools.jackson.databind.ser.bean.BeanSerializerBase._serializePropertiesNoView(BeanSerializerBase.java:745)
	at tools.jackson.databind.ser.BeanSerializer.serialize(BeanSerializer.java:171)
	at tools.jackson.databind.ser.BeanPropertyWriter.serializeAsProperty(BeanPropertyWriter.java:648)
	at tools.jackson.databind.ser.bean.BeanSerializerBase._serializePropertiesNoView(BeanSerializerBase.java:745)
	at tools.jackson.databind.ser.BeanSerializer.serialize(BeanSerializer.java:171)
	at tools.jackson.databind.ser.BeanPropertyWriter.serializeAsProperty(BeanPropertyWriter.java:648)
	at tools.jackson.databind.ser.bean.BeanSerializerBase._serializePropertiesNoView(BeanSerializerBase.java:745)
	at tools.jackson.databind.ser.BeanSerializer.serialize(BeanSerializer.java:171)
	at tools.jackson.databind.ser.BeanPropertyWriter.serializeAsProperty(BeanPropertyWriter.java:648)
	at tools.jackson.databind.ser.bean.BeanSerializerBase._serializePropertiesNoView(BeanSerializerBase.java:751)
	at tools.jackson.databind.ser.BeanSerializer.serialize(BeanSerializer.java:171)
	at tools.jackson.databind.ser.BeanPropertyWriter.serializeAsProperty(BeanPropertyWriter.java:648)
	at tools.jackson.databind.ser.bean.BeanSerializerBase._serializePropertiesNoView(BeanSerializerBase.java:745)
	at tools.jackson.databind.ser.BeanSerializer.serialize(BeanSerializer.java:171)
	at tools.jackson.databind.ser.BeanPropertyWriter.serializeAsProperty(BeanPropertyWriter.java:648)
	at tools.jackson.databind.ser.bean.BeanSerializerBase._serializePropertiesNoView(BeanSerializerBase.java:745)
	at tools.jackson.databind.ser.BeanSerializer.serialize(BeanSerializer.java:171)
	at tools.jackson.databind.ser.BeanPropertyWriter.serializeAsProperty(BeanPropertyWriter.java:648)
	at tools.jackson.databind.ser.bean.BeanSerializerBase._serializePropertiesNoView(BeanSerializerBase.java:745)
	at tools.jackson.databind.ser.BeanSerializer.serialize(BeanSerializer.java:171)
	at tools.jackson.databind.ser.BeanPropertyWriter.serializeAsProperty(BeanPropertyWriter.java:648)
	at tools.jackson.databind.ser.bean.BeanSerializerBase._serializePropertiesNoView(BeanSerializerBase.java:751)
	at tools.jackson.databind.ser.BeanSerializer.serialize(BeanSerializer.java:171)
	at tools.jackson.databind.ser.BeanPropertyWriter.serializeAsProperty(BeanPropertyWriter.java:648)
	at tools.jackson.databind.ser.bean.BeanSerializerBase._serializePropertiesNoView(BeanSerializerBase.java:745)
	at tools.jackson.databind.ser.BeanSerializer.serialize(BeanSerializer.java:171)
	at tools.jackson.databind.ser.BeanPropertyWriter.serializeAsProperty(BeanPropertyWriter.java:648)
	at tools.jackson.databind.ser.bean.BeanSerializerBase._serializePropertiesNoView(BeanSerializerBase.java:745)
	at tools.jackson.databind.ser.BeanSerializer.serialize(BeanSerializer.java:171)
	at tools.jackson.databind.ser.BeanPropertyWriter.serializeAsProperty(BeanPropertyWriter.java:648)
	at tools.jackson.databind.ser.bean.BeanSerializerBase._serializePropertiesNoView(BeanSerializerBase.java:745)
	at tools.jackson.databind.ser.BeanSerializer.serialize(BeanSerializer.java:171)
	at tools.jackson.databind.ser.BeanPropertyWriter.serializeAsProperty(BeanPropertyWriter.java:648)
	at tools.jackson.databind.ser.bean.BeanSerializerBase._serializePropertiesNoView(BeanSerializerBase.java:751)
	at tools.jackson.databind.ser.BeanSerializer.serialize(BeanSerializer.java:171)
	at tools.jackson.databind.ser.BeanPropertyWriter.serializeAsProperty(BeanPropertyWriter.java:648)
	at tools.jackson.databind.ser.bean.BeanSerializerBase._serializePropertiesNoView(BeanSerializerBase.java:745)
	at tools.jackson.databind.ser.BeanSerializer.serialize(BeanSerializer.java:171)
	at tools.jackson.databind.ser.BeanPropertyWriter.serializeAsProperty(BeanPropertyWriter.java:648)
	at tools.jackson.databind.ser.bean.BeanSerializerBase._serializePropertiesNoView(BeanSerializerBase.java:745)
	at tools.jackson.databind.ser.BeanSerializer.serialize(BeanSerializer.java:171)
	at tools.jackson.databind.ser.BeanPropertyWriter.serializeAsProperty(BeanPropertyWriter.java:648)
	at tools.jackson.databind.ser.bean.BeanSerializerBase._serializePropertiesNoView(BeanSerializerBase.java:745)
	at tools.jackson.databind.ser.BeanSerializer.serialize(BeanSerializer.java:171)
	at tools.jackson.databind.ser.BeanPropertyWriter.serializeAsProperty(BeanPropertyWriter.java:648)
	at tools.jackson.databind.ser.bean.BeanSerializerBase._serializePropertiesNoView(BeanSerializerBase.java:751)
	at tools.jackson.databind.ser.BeanSerializer.serialize(BeanSerializer.java:171)
	at tools.jackson.databind.ser.BeanPropertyWriter.serializeAsProperty(BeanPropertyWriter.java:648)
	at tools.jackson.databind.ser.bean.BeanSerializerBase._serializePropertiesNoView(BeanSerializerBase.java:745)
	at tools.jackson.databind.ser.BeanSerializer.serialize(BeanSerializer.java:171)
	at tools.jackson.databind.ser.BeanPropertyWriter.serializeAsProperty(BeanPropertyWriter.java:648)
	at tools.jackson.databind.ser.bean.BeanSerializerBase._serializePropertiesNoView(BeanSerializerBase.java:745)
	at tools.jackson.databind.ser.BeanSerializer.serialize(BeanSerializer.java:171)
	at tools.jackson.databind.ser.BeanPropertyWriter.serializeAsProperty(BeanPropertyWriter.java:648)
	at tools.jackson.databind.ser.bean.BeanSerializerBase._serializePropertiesNoView(BeanSerializerBase.java:745)
	at tools.jackson.databind.ser.BeanSerializer.serialize(BeanSerializer.java:171)
	at tools.jackson.databind.ser.BeanPropertyWriter.serializeAsProperty(BeanPropertyWriter.java:648)
	at tools.jackson.databind.ser.bean.BeanSerializerBase._serializePropertiesNoView(BeanSerializerBase.java:751)
	at tools.jackson.databind.ser.BeanSerializer.serialize(BeanSerializer.java:171)
	at tools.jackson.databind.ser.BeanPropertyWriter.serializeAsProperty(BeanPropertyWriter.java:648)
	at tools.jackson.databind.ser.bean.BeanSerializerBase._serializePropertiesNoView(BeanSerializerBase.java:745)
	at tools.jackson.databind.ser.BeanSerializer.serialize(BeanSerializer.java:171)
	at tools.jackson.databind.ser.BeanPropertyWriter.serializeAsProperty(BeanPropertyWriter.java:648)
	at tools.jackson.databind.ser.bean.BeanSerializerBase._serializePropertiesNoView(BeanSerializerBase.java:745)
	at tools.jackson.databind.ser.BeanSerializer.serialize(BeanSerializer.java:171)
	at tools.jackson.databind.ser.BeanPropertyWriter.serializeAsProperty(BeanPropertyWriter.java:648)
	at tools.jackson.databind.ser.bean.BeanSerializerBase._serializePropertiesNoView(BeanSerializerBase.java:745)
	at tools.jackson.databind.ser.BeanSerializer.serialize(BeanSerializer.java:171)
	at tools.jackson.databind.ser.BeanPropertyWriter.serializeAsProperty(BeanPropertyWriter.java:648)
	at tools.jackson.databind.ser.bean.BeanSerializerBase._serializePropertiesNoView(BeanSerializerBase.java:751)
	at tools.jackson.databind.ser.BeanSerializer.serialize(BeanSerializer.java:171)
	at tools.jackson.databind.ser.BeanPropertyWriter.serializeAsProperty(BeanPropertyWriter.java:648)
	at tools.jackson.databind.ser.bean.BeanSerializerBase._serializePropertiesNoView(BeanSerializerBase.java:745)
	at tools.jackson.databind.ser.BeanSerializer.serialize(BeanSerializer.java:171)
	at tools.jackson.databind.ser.BeanPropertyWriter.serializeAsProperty(BeanPropertyWriter.java:648)
	at tools.jackson.databind.ser.bean.BeanSerializerBase._serializePropertiesNoView(BeanSerializerBase.java:745)
	at tools.jackson.databind.ser.BeanSerializer.serialize(BeanSerializer.java:171)
	at tools.jackson.databind.ser.BeanPropertyWriter.serializeAsProperty(BeanPropertyWriter.java:648)
	at tools.jackson.databind.ser.bean.BeanSerializerBase._serializePropertiesNoView(BeanSerializerBase.java:745)
	at tools.jackson.databind.ser.BeanSerializer.serialize(BeanSerializer.java:171)
	at tools.jackson.databind.ser.BeanPropertyWriter.serializeAsProperty(BeanPropertyWriter.java:648)
	at tools.jackson.databind.ser.bean.BeanSerializerBase._serializePropertiesNoView(BeanSerializerBase.java:751)
	at tools.jackson.databind.ser.BeanSerializer.serialize(BeanSerializer.java:171)
	at tools.jackson.databind.ser.BeanPropertyWriter.serializeAsProperty(BeanPropertyWriter.java:648)
	at tools.jackson.databind.ser.bean.BeanSerializerBase._serializePropertiesNoView(BeanSerializerBase.java:745)
	at tools.jackson.databind.ser.BeanSerializer.serialize(BeanSerializer.java:171)
	at tools.jackson.databind.ser.BeanPropertyWriter.serializeAsProperty(BeanPropertyWriter.java:648)
	at tools.jackson.databind.ser.bean.BeanSerializerBase._serializePropertiesNoView(BeanSerializerBase.java:745)
	at tools.jackson.databind.ser.BeanSerializer.serialize(BeanSerializer.java:171)
	at tools.jackson.databind.ser.BeanPropertyWriter.serializeAsProperty(BeanPropertyWriter.java:648)
	at tools.jackson.databind.ser.bean.BeanSerializerBase._serializePropertiesNoView(BeanSerializerBase.java:745)
	at tools.jackson.databind.ser.BeanSerializer.serialize(BeanSerializer.java:171)
	at tools.jackson.databind.ser.BeanPropertyWriter.serializeAsProperty(BeanPropertyWriter.java:648)
	at tools.jackson.databind.ser.bean.BeanSerializerBase._serializePropertiesNoView(BeanSerializerBase.java:751)
	at tools.jackson.databind.ser.BeanSerializer.serialize(BeanSerializer.java:171)
	at tools.jackson.databind.ser.BeanPropertyWriter.serializeAsProperty(BeanPropertyWriter.java:648)
	at tools.jackson.databind.ser.bean.BeanSerializerBase._serializePropertiesNoView(BeanSerializerBase.java:745)
	at tools.jackson.databind.ser.BeanSerializer.serialize(BeanSerializer.java:171)
	at tools.jackson.databind.ser.BeanPropertyWriter.serializeAsProperty(BeanPropertyWriter.java:648)
	at tools.jackson.databind.ser.bean.BeanSerializerBase._serializePropertiesNoView(BeanSerializerBase.java:745)
	at tools.jackson.databind.ser.BeanSerializer.serialize(BeanSerializer.java:171)
	at tools.jackson.databind.ser.BeanPropertyWriter.serializeAsProperty(BeanPropertyWriter.java:648)
	at tools.jackson.databind.ser.bean.BeanSerializerBase._serializePropertiesNoView(BeanSerializerBase.java:745)
	at tools.jackson.databind.ser.BeanSerializer.serialize(BeanSerializer.java:171)
	at tools.jackson.databind.ser.BeanPropertyWriter.serializeAsProperty(BeanPropertyWriter.java:648)
	at tools.jackson.databind.ser.bean.BeanSerializerBase._serializePropertiesNoView(BeanSerializerBase.java:751)
	at tools.jackson.databind.ser.BeanSerializer.serialize(BeanSerializer.java:171)
	at tools.jackson.databind.ser.BeanPropertyWriter.serializeAsProperty(BeanPropertyWriter.java:648)
	at tools.jackson.databind.ser.bean.BeanSerializerBase._serializePropertiesNoView(BeanSerializerBase.java:745)
	at tools.jackson.databind.ser.BeanSerializer.serialize(BeanSerializer.java:171)
	at tools.jackson.databind.ser.BeanPropertyWriter.serializeAsProperty(BeanPropertyWriter.java:648)
	at tools.jackson.databind.ser.bean.BeanSerializerBase._serializePropertiesNoView(BeanSerializerBase.java:745)
	at tools.jackson.databind.ser.BeanSerializer.serialize(BeanSerializer.java:171)
	at tools.jackson.databind.ser.BeanPropertyWriter.serializeAsProperty(BeanPropertyWriter.java:648)
	at tools.jackson.databind.ser.bean.BeanSerializerBase._serializePropertiesNoView(BeanSerializerBase.java:745)
	at tools.jackson.databind.ser.BeanSerializer.serialize(BeanSerializer.java:171)
	at tools.jackson.databind.ser.BeanPropertyWriter.serializeAsProperty(BeanPropertyWriter.java:648)
	at tools.jackson.databind.ser.bean.BeanSerializerBase._serializePropertiesNoView(BeanSerializerBase.java:751)
	at tools.jackson.databind.ser.BeanSerializer.serialize(BeanSerializer.java:171)
	at tools.jackson.databind.ser.BeanPropertyWriter.serializeAsProperty(BeanPropertyWriter.java:648)
	at tools.jackson.databind.ser.bean.BeanSerializerBase._serializePropertiesNoView(BeanSerializerBase.java:745)
	at tools.jackson.databind.ser.BeanSerializer.serialize(BeanSerializer.java:171)
	at tools.jackson.databind.ser.BeanPropertyWriter.serializeAsProperty(BeanPropertyWriter.java:648)
	at tools.jackson.databind.ser.bean.BeanSerializerBase._serializePropertiesNoView(BeanSerializerBase.java:745)
	at tools.jackson.databind.ser.BeanSerializer.serialize(BeanSerializer.java:171)
	at tools.jackson.databind.ser.BeanPropertyWriter.serializeAsProperty(BeanPropertyWriter.java:648)
	at tools.jackson.databind.ser.bean.BeanSerializerBase._serializePropertiesNoView(BeanSerializerBase.java:745)
	at tools.jackson.databind.ser.BeanSerializer.serialize(BeanSerializer.java:171)
	at tools.jackson.databind.ser.BeanPropertyWriter.serializeAsProperty(BeanPropertyWriter.java:648)
	at tools.jackson.databind.ser.bean.BeanSerializerBase._serializePropertiesNoView(BeanSerializerBase.java:751)
	at tools.jackson.databind.ser.BeanSerializer.serialize(BeanSerializer.java:171)
	at tools.jackson.databind.ser.BeanPropertyWriter.serializeAsProperty(BeanPropertyWriter.java:648)
	at tools.jackson.databind.ser.bean.BeanSerializerBase._serializePropertiesNoView(BeanSerializerBase.java:745)
	at tools.jackson.databind.ser.BeanSerializer.serialize(BeanSerializer.java:171)
	at tools.jackson.databind.ser.BeanPropertyWriter.serializeAsProperty(BeanPropertyWriter.java:648)
	at tools.jackson.databind.ser.bean.BeanSerializerBase._serializePropertiesNoView(BeanSerializerBase.java:745)
	at tools.jackson.databind.ser.BeanSerializer.serialize(BeanSerializer.java:171)
	at tools.jackson.databind.ser.BeanPropertyWriter.serializeAsProperty(BeanPropertyWriter.java:648)
	at tools.jackson.databind.ser.bean.BeanSerializerBase._serializePropertiesNoView(BeanSerializerBase.java:745)
	at tools.jackson.databind.ser.BeanSerializer.serialize(BeanSerializer.java:171)
	at tools.jackson.databind.ser.BeanPropertyWriter.serializeAsProperty(BeanPropertyWriter.java:648)
	at tools.jackson.databind.ser.bean.BeanSerializerBase._serializePropertiesNoView(BeanSerializerBase.java:751)
	at tools.jackson.databind.ser.BeanSerializer.serialize(BeanSerializer.java:171)
	at tools.jackson.databind.ser.BeanPropertyWriter.serializeAsProperty(BeanPropertyWriter.java:648)
	at tools.jackson.databind.ser.bean.BeanSerializerBase._serializePropertiesNoView(BeanSerializerBase.java:745)
	at tools.jackson.databind.ser.BeanSerializer.serialize(BeanSerializer.java:171)
	at tools.jackson.databind.ser.BeanPropertyWriter.serializeAsProperty(BeanPropertyWriter.java:648)
	at tools.jackson.databind.ser.bean.BeanSerializerBase._serializePropertiesNoView(BeanSerializerBase.java:745)
	at tools.jackson.databind.ser.BeanSerializer.serialize(BeanSerializer.java:171)
	at tools.jackson.databind.ser.BeanPropertyWriter.serializeAsProperty(BeanPropertyWriter.java:648)
	at tools.jackson.databind.ser.bean.BeanSerializerBase._serializePropertiesNoView(BeanSerializerBase.java:745)
	at tools.jackson.databind.ser.BeanSerializer.serialize(BeanSerializer.java:171)
	at tools.jackson.databind.ser.BeanPropertyWriter.serializeAsProperty(BeanPropertyWriter.java:648)
	at tools.jackson.databind.ser.bean.BeanSerializerBase._serializePropertiesNoView(BeanSerializerBase.java:751)
	at tools.jackson.databind.ser.BeanSerializer.serialize(BeanSerializer.java:171)
	at tools.jackson.databind.ser.BeanPropertyWriter.serializeAsProperty(BeanPropertyWriter.java:648)
	at tools.jackson.databind.ser.bean.BeanSerializerBase._serializePropertiesNoView(BeanSerializerBase.java:745)
	at tools.jackson.databind.ser.BeanSerializer.serialize(BeanSerializer.java:171)
	at tools.jackson.databind.ser.BeanPropertyWriter.serializeAsProperty(BeanPropertyWriter.java:648)
	at tools.jackson.databind.ser.bean.BeanSerializerBase._serializePropertiesNoView(BeanSerializerBase.java:745)
	at tools.jackson.databind.ser.BeanSerializer.serialize(BeanSerializer.java:171)
	at tools.jackson.databind.ser.BeanPropertyWriter.serializeAsProperty(BeanPropertyWriter.java:648)
	at tools.jackson.databind.ser.bean.BeanSerializerBase._serializePropertiesNoView(BeanSerializerBase.java:745)
	at tools.jackson.databind.ser.BeanSerializer.serialize(BeanSerializer.java:171)
	at tools.jackson.databind.ser.BeanPropertyWriter.serializeAsProperty(BeanPropertyWriter.java:648)
	at tools.jackson.databind.ser.bean.BeanSerializerBase._serializePropertiesNoView(BeanSerializerBase.java:751)
	at tools.jackson.databind.ser.BeanSerializer.serialize(BeanSerializer.java:171)
	at tools.jackson.databind.ser.BeanPropertyWriter.serializeAsProperty(BeanPropertyWriter.java:648)
	at tools.jackson.databind.ser.bean.BeanSerializerBase._serializePropertiesNoView(BeanSerializerBase.java:745)
	at tools.jackson.databind.ser.BeanSerializer.serialize(BeanSerializer.java:171)
	at tools.jackson.databind.ser.BeanPropertyWriter.serializeAsProperty(BeanPropertyWriter.java:648)
	at tools.jackson.databind.ser.bean.BeanSerializerBase._serializePropertiesNoView(BeanSerializerBase.java:745)
	at tools.jackson.databind.ser.BeanSerializer.serialize(BeanSerializer.java:171)
	at tools.jackson.databind.ser.BeanPropertyWriter.serializeAsProperty(BeanPropertyWriter.java:648)
	at tools.jackson.databind.ser.bean.BeanSerializerBase._serializePropertiesNoView(BeanSerializerBase.java:745)
	at tools.jackson.databind.ser.BeanSerializer.serialize(BeanSerializer.java:171)
	at tools.jackson.databind.ser.BeanPropertyWriter.serializeAsProperty(BeanPropertyWriter.java:648)
	at tools.jackson.databind.ser.bean.BeanSerializerBase._serializePropertiesNoView(BeanSerializerBase.java:751)
	at tools.jackson.databind.ser.BeanSerializer.serialize(BeanSerializer.java:171)
	at tools.jackson.databind.ser.BeanPropertyWriter.serializeAsProperty(BeanPropertyWriter.java:648)
	at tools.jackson.databind.ser.bean.BeanSerializerBase._serializePropertiesNoView(BeanSerializerBase.java:745)
	at tools.jackson.databind.ser.BeanSerializer.serialize(BeanSerializer.java:171)
	at tools.jackson.databind.ser.BeanPropertyWriter.serializeAsProperty(BeanPropertyWriter.java:648)
	at tools.jackson.databind.ser.bean.BeanSerializerBase._serializePropertiesNoView(BeanSerializerBase.java:745)
	at tools.jackson.databind.ser.BeanSerializer.serialize(BeanSerializer.java:171)
	at tools.jackson.databind.ser.BeanPropertyWriter.serializeAsProperty(BeanPropertyWriter.java:648)
	at tools.jackson.databind.ser.bean.BeanSerializerBase._serializePropertiesNoView(BeanSerializerBase.java:745)
	at tools.jackson.databind.ser.BeanSerializer.serialize(BeanSerializer.java:171)
	at tools.jackson.databind.ser.BeanPropertyWriter.serializeAsProperty(BeanPropertyWriter.java:648)
	at tools.jackson.databind.ser.bean.BeanSerializerBase._serializePropertiesNoView(BeanSerializerBase.java:751)
	at tools.jackson.databind.ser.BeanSerializer.serialize(BeanSerializer.java:171)
	at tools.jackson.databind.ser.BeanPropertyWriter.serializeAsProperty(BeanPropertyWriter.java:648)
	at tools.jackson.databind.ser.bean.BeanSerializerBase._serializePropertiesNoView(BeanSerializerBase.java:745)
	at tools.jackson.databind.ser.BeanSerializer.serialize(BeanSerializer.java:171)
	at tools.jackson.databind.ser.BeanPropertyWriter.serializeAsProperty(BeanPropertyWriter.java:648)
	at tools.jackson.databind.ser.bean.BeanSerializerBase._serializePropertiesNoView(BeanSerializerBase.java:745)
	at tools.jackson.databind.ser.BeanSerializer.serialize(BeanSerializer.java:171)
	at tools.jackson.databind.ser.BeanPropertyWriter.serializeAsProperty(BeanPropertyWriter.java:648)
	at tools.jackson.databind.ser.bean.BeanSerializerBase._serializePropertiesNoView(BeanSerializerBase.java:745)
	at tools.jackson.databind.ser.BeanSerializer.serialize(BeanSerializer.java:171)
	at tools.jackson.databind.ser.BeanPropertyWriter.serializeAsProperty(BeanPropertyWriter.java:648)
	at tools.jackson.databind.ser.bean.BeanSerializerBase._serializePropertiesNoView(BeanSerializerBase.java:751)
	at tools.jackson.databind.ser.BeanSerializer.serialize(BeanSerializer.java:171)
	at tools.jackson.databind.ser.BeanPropertyWriter.serializeAsProperty(BeanPropertyWriter.java:648)
	at tools.jackson.databind.ser.bean.BeanSerializerBase._serializePropertiesNoView(BeanSerializerBase.java:745)
	at tools.jackson.databind.ser.BeanSerializer.serialize(BeanSerializer.java:171)
	at tools.jackson.databind.ser.BeanPropertyWriter.serializeAsProperty(BeanPropertyWriter.java:648)
	at tools.jackson.databind.ser.bean.BeanSerializerBase._serializePropertiesNoView(BeanSerializerBase.java:745)
	at tools.jackson.databind.ser.BeanSerializer.serialize(BeanSerializer.java:171)
	at tools.jackson.databind.ser.BeanPropertyWriter.serializeAsProperty(BeanPropertyWriter.java:648)
	at tools.jackson.databind.ser.bean.BeanSerializerBase._serializePropertiesNoView(BeanSerializerBase.java:745)
	at tools.jackson.databind.ser.BeanSerializer.serialize(BeanSerializer.java:171)
	at tools.jackson.databind.ser.BeanPropertyWriter.serializeAsProperty(BeanPropertyWriter.java:648)
	at tools.jackson.databind.ser.bean.BeanSerializerBase._serializePropertiesNoView(BeanSerializerBase.java:751)
	at tools.jackson.databind.ser.BeanSerializer.serialize(BeanSerializer.java:171)
	at tools.jackson.databind.ser.BeanPropertyWriter.serializeAsProperty(BeanPropertyWriter.java:648)
	at tools.jackson.databind.ser.bean.BeanSerializerBase._serializePropertiesNoView(BeanSerializerBase.java:745)
	at tools.jackson.databind.ser.BeanSerializer.serialize(BeanSerializer.java:171)
	at tools.jackson.databind.ser.BeanPropertyWriter.serializeAsProperty(BeanPropertyWriter.java:648)
	at tools.jackson.databind.ser.bean.BeanSerializerBase._serializePropertiesNoView(BeanSerializerBase.java:745)
	at tools.jackson.databind.ser.BeanSerializer.serialize(BeanSerializer.java:171)
	at tools.jackson.databind.ser.BeanPropertyWriter.serializeAsProperty(BeanPropertyWriter.java:648)
	at tools.jackson.databind.ser.bean.BeanSerializerBase._serializePropertiesNoView(BeanSerializerBase.java:745)
	at tools.jackson.databind.ser.BeanSerializer.serialize(BeanSerializer.java:171)
	at tools.jackson.databind.ser.BeanPropertyWriter.serializeAsProperty(BeanPropertyWriter.java:648)
	at tools.jackson.databind.ser.bean.BeanSerializerBase._serializePropertiesNoView(BeanSerializerBase.java:751)
	at tools.jackson.databind.ser.BeanSerializer.serialize(BeanSerializer.java:171)
	at tools.jackson.databind.ser.BeanPropertyWriter.serializeAsProperty(BeanPropertyWriter.java:648)
	at tools.jackson.databind.ser.bean.BeanSerializerBase._serializePropertiesNoView(BeanSerializerBase.java:745)
	at tools.jackson.databind.ser.BeanSerializer.serialize(BeanSerializer.java:171)
	at tools.jackson.databind.ser.BeanPropertyWriter.serializeAsProperty(BeanPropertyWriter.java:648)
	at tools.jackson.databind.ser.bean.BeanSerializerBase._serializePropertiesNoView(BeanSerializerBase.java:745)
	at tools.jackson.databind.ser.BeanSerializer.serialize(BeanSerializer.java:171)
	at tools.jackson.databind.ser.BeanPropertyWriter.serializeAsProperty(BeanPropertyWriter.java:648)
	at tools.jackson.databind.ser.bean.BeanSerializerBase._serializePropertiesNoView(BeanSerializerBase.java:745)
	at tools.jackson.databind.ser.BeanSerializer.serialize(BeanSerializer.java:171)
	at tools.jackson.databind.ser.BeanPropertyWriter.serializeAsProperty(BeanPropertyWriter.java:648)
	at tools.jackson.databind.ser.bean.BeanSerializerBase._serializePropertiesNoView(BeanSerializerBase.java:751)
	at tools.jackson.databind.ser.BeanSerializer.serialize(BeanSerializer.java:171)
	at tools.jackson.databind.ser.BeanPropertyWriter.serializeAsProperty(BeanPropertyWriter.java:648)
	at tools.jackson.databind.ser.bean.BeanSerializerBase._serializePropertiesNoView(BeanSerializerBase.java:745)
	at tools.jackson.databind.ser.BeanSerializer.serialize(BeanSerializer.java:171)
	at tools.jackson.databind.ser.BeanPropertyWriter.serializeAsProperty(BeanPropertyWriter.java:648)
	at tools.jackson.databind.ser.bean.BeanSerializerBase._serializePropertiesNoView(BeanSerializerBase.java:745)
	at tools.jackson.databind.ser.BeanSerializer.serialize(BeanSerializer.java:171)
	at tools.jackson.databind.ser.BeanPropertyWriter.serializeAsProperty(BeanPropertyWriter.java:648)
	at tools.jackson.databind.ser.bean.BeanSerializerBase._serializePropertiesNoView(BeanSerializerBase.java:745)
	at tools.jackson.databind.ser.BeanSerializer.serialize(BeanSerializer.java:171)
	at tools.jackson.databind.ser.BeanPropertyWriter.serializeAsProperty(BeanPropertyWriter.java:648)
	at tools.jackson.databind.ser.bean.BeanSerializerBase._serializePropertiesNoView(BeanSerializerBase.java:751)
	at tools.jackson.databind.ser.BeanSerializer.serialize(BeanSerializer.java:171)
	at tools.jackson.databind.ser.BeanPropertyWriter.serializeAsProperty(BeanPropertyWriter.java:648)
	at tools.jackson.databind.ser.bean.BeanSerializerBase._serializePropertiesNoView(BeanSerializerBase.java:745)
	at tools.jackson.databind.ser.BeanSerializer.serialize(BeanSerializer.java:171)
	at tools.jackson.databind.ser.BeanPropertyWriter.serializeAsProperty(BeanPropertyWriter.java:648)
	at tools.jackson.databind.ser.bean.BeanSerializerBase._serializePropertiesNoView(BeanSerializerBase.java:745)
	at tools.jackson.databind.ser.BeanSerializer.serialize(BeanSerializer.java:171)
	at tools.jackson.databind.ser.BeanPropertyWriter.serializeAsProperty(BeanPropertyWriter.java:648)
	at tools.jackson.databind.ser.bean.BeanSerializerBase._serializePropertiesNoView(BeanSerializerBase.java:745)
	at tools.jackson.databind.ser.BeanSerializer.serialize(BeanSerializer.java:171)
	at tools.jackson.databind.ser.BeanPropertyWriter.serializeAsProperty(BeanPropertyWriter.java:648)
	at tools.jackson.databind.ser.bean.BeanSerializerBase._serializePropertiesNoView(BeanSerializerBase.java:751)
	at tools.jackson.databind.ser.BeanSerializer.serialize(BeanSerializer.java:171)
	at tools.jackson.databind.ser.BeanPropertyWriter.serializeAsProperty(BeanPropertyWriter.java:648)
	at tools.jackson.databind.ser.bean.BeanSerializerBase._serializePropertiesNoView(BeanSerializerBase.java:745)
	at tools.jackson.databind.ser.BeanSerializer.serialize(BeanSerializer.java:171)
	at tools.jackson.databind.ser.BeanPropertyWriter.serializeAsProperty(BeanPropertyWriter.java:648)
	at tools.jackson.databind.ser.bean.BeanSerializerBase._serializePropertiesNoView(BeanSerializerBase.java:745)
	at tools.jackson.databind.ser.BeanSerializer.serialize(BeanSerializer.java:171)
	at tools.jackson.databind.ser.BeanPropertyWriter.serializeAsProperty(BeanPropertyWriter.java:648)
	at tools.jackson.databind.ser.bean.BeanSerializerBase._serializePropertiesNoView(BeanSerializerBase.java:745)
	at tools.jackson.databind.ser.BeanSerializer.serialize(BeanSerializer.java:171)
	at tools.jackson.databind.ser.BeanPropertyWriter.serializeAsProperty(BeanPropertyWriter.java:648)
	at tools.jackson.databind.ser.bean.BeanSerializerBase._serializePropertiesNoView(BeanSerializerBase.java:751)
	at tools.jackson.databind.ser.BeanSerializer.serialize(BeanSerializer.java:171)
	at tools.jackson.databind.ser.BeanPropertyWriter.serializeAsProperty(BeanPropertyWriter.java:648)
	at tools.jackson.databind.ser.bean.BeanSerializerBase._serializePropertiesNoView(BeanSerializerBase.java:745)
	at tools.jackson.databind.ser.BeanSerializer.serialize(BeanSerializer.java:171)
	at tools.jackson.databind.ser.BeanPropertyWriter.serializeAsProperty(BeanPropertyWriter.java:648)
	at tools.jackson.databind.ser.bean.BeanSerializerBase._serializePropertiesNoView(BeanSerializerBase.java:745)
	at tools.jackson.databind.ser.BeanSerializer.serialize(BeanSerializer.java:171)
	at tools.jackson.databind.ser.BeanPropertyWriter.serializeAsProperty(BeanPropertyWriter.java:648)
	at tools.jackson.databind.ser.bean.BeanSerializerBase._serializePropertiesNoView(BeanSerializerBase.java:745)
	at tools.jackson.databind.ser.BeanSerializer.serialize(BeanSerializer.java:171)
	at tools.jackson.databind.ser.BeanPropertyWriter.serializeAsProperty(BeanPropertyWriter.java:648)
	at tools.jackson.databind.ser.bean.BeanSerializerBase._serializePropertiesNoView(BeanSerializerBase.java:751)
	at tools.jackson.databind.ser.BeanSerializer.serialize(BeanSerializer.java:171)
	at tools.jackson.databind.ser.BeanPropertyWriter.serializeAsProperty(BeanPropertyWriter.java:648)
	at tools.jackson.databind.ser.bean.BeanSerializerBase._serializePropertiesNoView(BeanSerializerBase.java:745)
	at tools.jackson.databind.ser.BeanSerializer.serialize(BeanSerializer.java:171)
	at tools.jackson.databind.ser.BeanPropertyWriter.serializeAsProperty(BeanPropertyWriter.java:648)
	at tools.jackson.databind.ser.bean.BeanSerializerBase._serializePropertiesNoView(BeanSerializerBase.java:745)
	at tools.jackson.databind.ser.BeanSerializer.serialize(BeanSerializer.java:171)
	at tools.jackson.databind.ser.BeanPropertyWriter.serializeAsProperty(BeanPropertyWriter.java:648)
	at tools.jackson.databind.ser.bean.BeanSerializerBase._serializePropertiesNoView(BeanSerializerBase.java:745)
	at tools.jackson.databind.ser.BeanSerializer.serialize(BeanSerializer.java:171)
	at tools.jackson.databind.ser.BeanPropertyWriter.serializeAsProperty(BeanPropertyWriter.java:648)
	at tools.jackson.databind.ser.bean.BeanSerializerBase._serializePropertiesNoView(BeanSerializerBase.java:751)
	at tools.jackson.databind.ser.BeanSerializer.serialize(BeanSerializer.java:171)
	at tools.jackson.databind.ser.BeanPropertyWriter.serializeAsProperty(BeanPropertyWriter.java:648)
	at tools.jackson.databind.ser.bean.BeanSerializerBase._serializePropertiesNoView(BeanSerializerBase.java:745)
	at tools.jackson.databind.ser.BeanSerializer.serialize(BeanSerializer.java:171)
	at tools.jackson.databind.ser.BeanPropertyWriter.serializeAsProperty(BeanPropertyWriter.java:648)
	at tools.jackson.databind.ser.bean.BeanSerializerBase._serializePropertiesNoView(BeanSerializerBase.java:745)
	at tools.jackson.databind.ser.BeanSerializer.serialize(BeanSerializer.java:171)
	at tools.jackson.databind.ser.BeanPropertyWriter.serializeAsProperty(BeanPropertyWriter.java:648)
	at tools.jackson.databind.ser.bean.BeanSerializerBase._serializePropertiesNoView(BeanSerializerBase.java:745)
	at tools.jackson.databind.ser.BeanSerializer.serialize(BeanSerializer.java:171)
	at tools.jackson.databind.ser.BeanPropertyWriter.serializeAsProperty(BeanPropertyWriter.java:648)
	at tools.jackson.databind.ser.bean.BeanSerializerBase._serializePropertiesNoView(BeanSerializerBase.java:751)
	at tools.jackson.databind.ser.BeanSerializer.serialize(BeanSerializer.java:171)
	at tools.jackson.databind.ser.BeanPropertyWriter.serializeAsProperty(BeanPropertyWriter.java:648)
	at tools.jackson.databind.ser.bean.BeanSerializerBase._serializePropertiesNoView(BeanSerializerBase.java:745)
	at tools.jackson.databind.ser.BeanSerializer.serialize(BeanSerializer.java:171)
	at tools.jackson.databind.ser.BeanPropertyWriter.serializeAsProperty(BeanPropertyWriter.java:648)
	at tools.jackson.databind.ser.bean.BeanSerializerBase._serializePropertiesNoView(BeanSerializerBase.java:745)
	at tools.jackson.databind.ser.BeanSerializer.serialize(BeanSerializer.java:171)
	at tools.jackson.databind.ser.BeanPropertyWriter.serializeAsProperty(BeanPropertyWriter.java:648)
	at tools.jackson.databind.ser.bean.BeanSerializerBase._serializePropertiesNoView(BeanSerializerBase.java:745)
	at tools.jackson.databind.ser.BeanSerializer.serialize(BeanSerializer.java:171)
	at tools.jackson.databind.ser.BeanPropertyWriter.serializeAsProperty(BeanPropertyWriter.java:648)
	at tools.jackson.databind.ser.bean.BeanSerializerBase._serializePropertiesNoView(BeanSerializerBase.java:751)
	at tools.jackson.databind.ser.BeanSerializer.serialize(BeanSerializer.java:171)
	at tools.jackson.databind.ser.BeanPropertyWriter.serializeAsProperty(BeanPropertyWriter.java:648)
	at tools.jackson.databind.ser.bean.BeanSerializerBase._serializePropertiesNoView(BeanSerializerBase.java:745)
	at tools.jackson.databind.ser.BeanSerializer.serialize(BeanSerializer.java:171)
	at tools.jackson.databind.ser.BeanPropertyWriter.serializeAsProperty(BeanPropertyWriter.java:648)
	at tools.jackson.databind.ser.bean.BeanSerializerBase._serializePropertiesNoView(BeanSerializerBase.java:745)
	at tools.jackson.databind.ser.BeanSerializer.serialize(BeanSerializer.java:171)
	at tools.jackson.databind.ser.BeanPropertyWriter.serializeAsProperty(BeanPropertyWriter.java:648)
	at tools.jackson.databind.ser.bean.BeanSerializerBase._serializePropertiesNoView(BeanSerializerBase.java:745)
	at tools.jackson.databind.ser.BeanSerializer.serialize(BeanSerializer.java:171)
	at tools.jackson.databind.ser.BeanPropertyWriter.serializeAsProperty(BeanPropertyWriter.java:648)
	at tools.jackson.databind.ser.bean.BeanSerializerBase._serializePropertiesNoView(BeanSerializerBase.java:751)
	at tools.jackson.databind.ser.BeanSerializer.serialize(BeanSerializer.java:171)
	at tools.jackson.databind.ser.BeanPropertyWriter.serializeAsProperty(BeanPropertyWriter.java:648)
	at tools.jackson.databind.ser.bean.BeanSerializerBase._serializePropertiesNoView(BeanSerializerBase.java:745)
	at tools.jackson.databind.ser.BeanSerializer.serialize(BeanSerializer.java:171)
	at tools.jackson.databind.ser.BeanPropertyWriter.serializeAsProperty(BeanPropertyWriter.java:648)
	at tools.jackson.databind.ser.bean.BeanSerializerBase._serializePropertiesNoView(BeanSerializerBase.java:745)
	at tools.jackson.databind.ser.BeanSerializer.serialize(BeanSerializer.java:171)
	at tools.jackson.databind.ser.BeanPropertyWriter.serializeAsProperty(BeanPropertyWriter.java:648)
	at tools.jackson.databind.ser.bean.BeanSerializerBase._serializePropertiesNoView(BeanSerializerBase.java:745)
	at tools.jackson.databind.ser.BeanSerializer.serialize(BeanSerializer.java:171)
	at tools.jackson.databind.ser.BeanPropertyWriter.serializeAsProperty(BeanPropertyWriter.java:648)
	at tools.jackson.databind.ser.bean.BeanSerializerBase._serializePropertiesNoView(BeanSerializerBase.java:751)
	at tools.jackson.databind.ser.BeanSerializer.serialize(BeanSerializer.java:171)
	at tools.jackson.databind.ser.BeanPropertyWriter.serializeAsProperty(BeanPropertyWriter.java:648)
	at tools.jackson.databind.ser.bean.BeanSerializerBase._serializePropertiesNoView(BeanSerializerBase.java:745)
	at tools.jackson.databind.ser.BeanSerializer.serialize(BeanSerializer.java:171)
	at tools.jackson.databind.ser.BeanPropertyWriter.serializeAsProperty(BeanPropertyWriter.java:648)
	at tools.jackson.databind.ser.bean.BeanSerializerBase._serializePropertiesNoView(BeanSerializerBase.java:745)
	at tools.jackson.databind.ser.BeanSerializer.serialize(BeanSerializer.java:171)
	at tools.jackson.databind.ser.BeanPropertyWriter.serializeAsProperty(BeanPropertyWriter.java:648)
	at tools.jackson.databind.ser.bean.BeanSerializerBase._serializePropertiesNoView(BeanSerializerBase.java:745)
	at tools.jackson.databind.ser.BeanSerializer.serialize(BeanSerializer.java:171)
	at tools.jackson.databind.ser.BeanPropertyWriter.serializeAsProperty(BeanPropertyWriter.java:648)
	at tools.jackson.databind.ser.bean.BeanSerializerBase._serializePropertiesNoView(BeanSerializerBase.java:751)
	at tools.jackson.databind.ser.BeanSerializer.serialize(BeanSerializer.java:171)
	at tools.jackson.databind.ser.BeanPropertyWriter.serializeAsProperty(BeanPropertyWriter.java:648)
	at tools.jackson.databind.ser.bean.BeanSerializerBase._serializePropertiesNoView(BeanSerializerBase.java:745)
	at tools.jackson.databind.ser.BeanSerializer.serialize(BeanSerializer.java:171)
	at tools.jackson.databind.ser.BeanPropertyWriter.serializeAsProperty(BeanPropertyWriter.java:648)
	at tools.jackson.databind.ser.bean.BeanSerializerBase._serializePropertiesNoView(BeanSerializerBase.java:745)
	at tools.jackson.databind.ser.BeanSerializer.serialize(BeanSerializer.java:171)
	at tools.jackson.databind.ser.BeanPropertyWriter.serializeAsProperty(BeanPropertyWriter.java:648)
	at tools.jackson.databind.ser.bean.BeanSerializerBase._serializePropertiesNoView(BeanSerializerBase.java:745)
	at tools.jackson.databind.ser.BeanSerializer.serialize(BeanSerializer.java:171)
	at tools.jackson.databind.ser.BeanPropertyWriter.serializeAsProperty(BeanPropertyWriter.java:648)
	at tools.jackson.databind.ser.bean.BeanSerializerBase._serializePropertiesNoView(BeanSerializerBase.java:751)
	at tools.jackson.databind.ser.BeanSerializer.serialize(BeanSerializer.java:171)
	at tools.jackson.databind.ser.BeanPropertyWriter.serializeAsProperty(BeanPropertyWriter.java:648)
	at tools.jackson.databind.ser.bean.BeanSerializerBase._serializePropertiesNoView(BeanSerializerBase.java:745)
	at tools.jackson.databind.ser.BeanSerializer.serialize(BeanSerializer.java:171)
	at tools.jackson.databind.ser.BeanPropertyWriter.serializeAsProperty(BeanPropertyWriter.java:648)
	at tools.jackson.databind.ser.bean.BeanSerializerBase._serializePropertiesNoView(BeanSerializerBase.java:745)
	at tools.jackson.databind.ser.BeanSerializer.serialize(BeanSerializer.java:171)
	at tools.jackson.databind.ser.BeanPropertyWriter.serializeAsProperty(BeanPropertyWriter.java:648)
	at tools.jackson.databind.ser.bean.BeanSerializerBase._serializePropertiesNoView(BeanSerializerBase.java:745)
	at tools.jackson.databind.ser.BeanSerializer.serialize(BeanSerializer.java:171)
	at tools.jackson.databind.ser.BeanPropertyWriter.serializeAsProperty(BeanPropertyWriter.java:648)
	at tools.jackson.databind.ser.bean.BeanSerializerBase._serializePropertiesNoView(BeanSerializerBase.java:751)
	at tools.jackson.databind.ser.BeanSerializer.serialize(BeanSerializer.java:171)
	at tools.jackson.databind.ser.BeanPropertyWriter.serializeAsProperty(BeanPropertyWriter.java:648)
	at tools.jackson.databind.ser.bean.BeanSerializerBase._serializePropertiesNoView(BeanSerializerBase.java:745)
	at tools.jackson.databind.ser.BeanSerializer.serialize(BeanSerializer.java:171)
	at tools.jackson.databind.ser.BeanPropertyWriter.serializeAsProperty(BeanPropertyWriter.java:648)
	at tools.jackson.databind.ser.bean.BeanSerializerBase._serializePropertiesNoView(BeanSerializerBase.java:745)
	at tools.jackson.databind.ser.BeanSerializer.serialize(BeanSerializer.java:171)
	at tools.jackson.databind.ser.BeanPropertyWriter.serializeAsProperty(BeanPropertyWriter.java:648)
	at tools.jackson.databind.ser.bean.BeanSerializerBase._serializePropertiesNoView(BeanSerializerBase.java:745)
	at tools.jackson.databind.ser.BeanSerializer.serialize(BeanSerializer.java:171)
	at tools.jackson.databind.ser.BeanPropertyWriter.serializeAsProperty(BeanPropertyWriter.java:648)
	at tools.jackson.databind.ser.bean.BeanSerializerBase._serializePropertiesNoView(BeanSerializerBase.java:751)
	at tools.jackson.databind.ser.BeanSerializer.serialize(BeanSerializer.java:171)
	at tools.jackson.databind.ser.BeanPropertyWriter.serializeAsProperty(BeanPropertyWriter.java:648)
	at tools.jackson.databind.ser.bean.BeanSerializerBase._serializePropertiesNoView(BeanSerializerBase.java:745)
	at tools.jackson.databind.ser.BeanSerializer.serialize(BeanSerializer.java:171)
	at tools.jackson.databind.ser.BeanPropertyWriter.serializeAsProperty(BeanPropertyWriter.java:648)
	at tools.jackson.databind.ser.bean.BeanSerializerBase._serializePropertiesNoView(BeanSerializerBase.java:745)
	at tools.jackson.databind.ser.BeanSerializer.serialize(BeanSerializer.java:171)
	at tools.jackson.databind.ser.BeanPropertyWriter.serializeAsProperty(BeanPropertyWriter.java:648)
	at tools.jackson.databind.ser.bean.BeanSerializerBase._serializePropertiesNoView(BeanSerializerBase.java:745)
	at tools.jackson.databind.ser.BeanSerializer.serialize(BeanSerializer.java:171)
	at tools.jackson.databind.ser.BeanPropertyWriter.serializeAsProperty(BeanPropertyWriter.java:648)
	at tools.jackson.databind.ser.bean.BeanSerializerBase._serializePropertiesNoView(BeanSerializerBase.java:751)
	at tools.jackson.databind.ser.BeanSerializer.serialize(BeanSerializer.java:171)
	at tools.jackson.databind.ser.BeanPropertyWriter.serializeAsProperty(BeanPropertyWriter.java:648)
	at tools.jackson.databind.ser.bean.BeanSerializerBase._serializePropertiesNoView(BeanSerializerBase.java:745)
	at tools.jackson.databind.ser.BeanSerializer.serialize(BeanSerializer.java:171)
	at tools.jackson.databind.ser.BeanPropertyWriter.serializeAsProperty(BeanPropertyWriter.java:648)
	at tools.jackson.databind.ser.bean.BeanSerializerBase._serializePropertiesNoView(BeanSerializerBase.java:745)
	at tools.jackson.databind.ser.BeanSerializer.serialize(BeanSerializer.java:171)
	at tools.jackson.databind.ser.BeanPropertyWriter.serializeAsProperty(BeanPropertyWriter.java:648)
	at tools.jackson.databind.ser.bean.BeanSerializerBase._serializePropertiesNoView(BeanSerializerBase.java:745)
	at tools.jackson.databind.ser.BeanSerializer.serialize(BeanSerializer.java:171)
	at tools.jackson.databind.ser.BeanPropertyWriter.serializeAsProperty(BeanPropertyWriter.java:648)
	at tools.jackson.databind.ser.bean.BeanSerializerBase._serializePropertiesNoView(BeanSerializerBase.java:751)
	at tools.jackson.databind.ser.BeanSerializer.serialize(BeanSerializer.java:171)
	at tools.jackson.databind.ser.BeanPropertyWriter.serializeAsProperty(BeanPropertyWriter.java:648)
	at tools.jackson.databind.ser.bean.BeanSerializerBase._serializePropertiesNoView(BeanSerializerBase.java:745)
	at tools.jackson.databind.ser.BeanSerializer.serialize(BeanSerializer.java:171)
	at tools.jackson.databind.ser.BeanPropertyWriter.serializeAsProperty(BeanPropertyWriter.java:648)
	at tools.jackson.databind.ser.bean.BeanSerializerBase._serializePropertiesNoView(BeanSerializerBase.java:745)
	at tools.jackson.databind.ser.BeanSerializer.serialize(BeanSerializer.java:171)
	at tools.jackson.databind.ser.BeanPropertyWriter.serializeAsProperty(BeanPropertyWriter.java:648)
	at tools.jackson.databind.ser.bean.BeanSerializerBase._serializePropertiesNoView(BeanSerializerBase.java:745)
	at tools.jackson.databind.ser.BeanSerializer.serialize(BeanSerializer.java:171)
	at tools.jackson.databind.ser.BeanPropertyWriter.serializeAsProperty(BeanPropertyWriter.java:648)
	at tools.jackson.databind.ser.bean.BeanSerializerBase._serializePropertiesNoView(BeanSerializerBase.java:751)
	at tools.jackson.databind.ser.BeanSerializer.serialize(BeanSerializer.java:171)
	at tools.jackson.databind.ser.BeanPropertyWriter.serializeAsProperty(BeanPropertyWriter.java:648)
	at tools.jackson.databind.ser.bean.BeanSerializerBase._serializePropertiesNoView(BeanSerializerBase.java:745)
	at tools.jackson.databind.ser.BeanSerializer.serialize(BeanSerializer.java:171)
	at tools.jackson.databind.ser.BeanPropertyWriter.serializeAsProperty(BeanPropertyWriter.java:648)
	at tools.jackson.databind.ser.bean.BeanSerializerBase._serializePropertiesNoView(BeanSerializerBase.java:745)
	at tools.jackson.databind.ser.BeanSerializer.serialize(BeanSerializer.java:171)
	at tools.jackson.databind.ser.BeanPropertyWriter.serializeAsProperty(BeanPropertyWriter.java:648)
	at tools.jackson.databind.ser.bean.BeanSerializerBase._serializePropertiesNoView(BeanSerializerBase.java:745)
	at tools.jackson.databind.ser.BeanSerializer.serialize(BeanSerializer.java:171)
	at tools.jackson.databind.ser.BeanPropertyWriter.serializeAsProperty(BeanPropertyWriter.java:648)
	at tools.jackson.databind.ser.bean.BeanSerializerBase._serializePropertiesNoView(BeanSerializerBase.java:751)
	at tools.jackson.databind.ser.BeanSerializer.serialize(BeanSerializer.java:171)
	at tools.jackson.databind.ser.BeanPropertyWriter.serializeAsProperty(BeanPropertyWriter.java:648)
	at tools.jackson.databind.ser.bean.BeanSerializerBase._serializePropertiesNoView(BeanSerializerBase.java:745)
	at tools.jackson.databind.ser.BeanSerializer.serialize(BeanSerializer.java:171)
	at tools.jackson.databind.ser.BeanPropertyWriter.serializeAsProperty(BeanPropertyWriter.java:648)
	at tools.jackson.databind.ser.bean.BeanSerializerBase._serializePropertiesNoView(BeanSerializerBase.java:745)
	at tools.jackson.databind.ser.BeanSerializer.serialize(BeanSerializer.java:171)
	at tools.jackson.databind.ser.BeanPropertyWriter.serializeAsProperty(BeanPropertyWriter.java:648)
	at tools.jackson.databind.ser.bean.BeanSerializerBase._serializePropertiesNoView(BeanSerializerBase.java:745)
	at tools.jackson.databind.ser.BeanSerializer.serialize(BeanSerializer.java:171)
	at tools.jackson.databind.ser.BeanPropertyWriter.serializeAsProperty(BeanPropertyWriter.java:648)
	at tools.jackson.databind.ser.bean.BeanSerializerBase._serializePropertiesNoView(BeanSerializerBase.java:751)
	at tools.jackson.databind.ser.BeanSerializer.serialize(BeanSerializer.java:171)
	at tools.jackson.databind.ser.BeanPropertyWriter.serializeAsProperty(BeanPropertyWriter.java:648)
	at tools.jackson.databind.ser.bean.BeanSerializerBase._serializePropertiesNoView(BeanSerializerBase.java:745)
	at tools.jackson.databind.ser.BeanSerializer.serialize(BeanSerializer.java:171)
	at tools.jackson.databind.ser.BeanPropertyWriter.serializeAsProperty(BeanPropertyWriter.java:648)
	at tools.jackson.databind.ser.bean.BeanSerializerBase._serializePropertiesNoView(BeanSerializerBase.java:745)
	at tools.jackson.databind.ser.BeanSerializer.serialize(BeanSerializer.java:171)
	at tools.jackson.databind.ser.BeanPropertyWriter.serializeAsProperty(BeanPropertyWriter.java:648)
	at tools.jackson.databind.ser.bean.BeanSerializerBase._serializePropertiesNoView(BeanSerializerBase.java:745)
	at tools.jackson.databind.ser.BeanSerializer.serialize(BeanSerializer.java:171)
	at tools.jackson.databind.ser.BeanPropertyWriter.serializeAsProperty(BeanPropertyWriter.java:648)
	at tools.jackson.databind.ser.bean.BeanSerializerBase._serializePropertiesNoView(BeanSerializerBase.java:751)
	at tools.jackson.databind.ser.BeanSerializer.serialize(BeanSerializer.java:171)
	at tools.jackson.databind.ser.BeanPropertyWriter.serializeAsProperty(BeanPropertyWriter.java:648)
	at tools.jackson.databind.ser.bean.BeanSerializerBase._serializePropertiesNoView(BeanSerializerBase.java:745)
	at tools.jackson.databind.ser.BeanSerializer.serialize(BeanSerializer.java:171)
	at tools.jackson.databind.ser.BeanPropertyWriter.serializeAsProperty(BeanPropertyWriter.java:648)
	at tools.jackson.databind.ser.bean.BeanSerializerBase._serializePropertiesNoView(BeanSerializerBase.java:745)
	at tools.jackson.databind.ser.BeanSerializer.serialize(BeanSerializer.java:171)
	at tools.jackson.databind.ser.BeanPropertyWriter.serializeAsProperty(BeanPropertyWriter.java:648)
	at tools.jackson.databind.ser.bean.BeanSerializerBase._serializePropertiesNoView(BeanSerializerBase.java:745)
	at tools.jackson.databind.ser.BeanSerializer.serialize(BeanSerializer.java:171)
	at tools.jackson.databind.ser.BeanPropertyWriter.serializeAsProperty(BeanPropertyWriter.java:648)
	at tools.jackson.databind.ser.bean.BeanSerializerBase._serializePropertiesNoView(BeanSerializerBase.java:751)
	at tools.jackson.databind.ser.BeanSerializer.serialize(BeanSerializer.java:171)
	at tools.jackson.databind.ser.BeanPropertyWriter.serializeAsProperty(BeanPropertyWriter.java:648)
	at tools.jackson.databind.ser.bean.BeanSerializerBase._serializePropertiesNoView(BeanSerializerBase.java:745)
	at tools.jackson.databind.ser.BeanSerializer.serialize(BeanSerializer.java:171)
	at tools.jackson.databind.ser.BeanPropertyWriter.serializeAsProperty(BeanPropertyWriter.java:648)
	at tools.jackson.databind.ser.bean.BeanSerializerBase._serializePropertiesNoView(BeanSerializerBase.java:745)
	at tools.jackson.databind.ser.BeanSerializer.serialize(BeanSerializer.java:171)
	at tools.jackson.databind.ser.BeanPropertyWriter.serializeAsProperty(BeanPropertyWriter.java:648)
	at tools.jackson.databind.ser.bean.BeanSerializerBase._serializePropertiesNoView(BeanSerializerBase.java:745)
	at tools.jackson.databind.ser.BeanSerializer.serialize(BeanSerializer.java:171)
	at tools.jackson.databind.ser.BeanPropertyWriter.serializeAsProperty(BeanPropertyWriter.java:648)
	at tools.jackson.databind.ser.bean.BeanSerializerBase._serializePropertiesNoView(BeanSerializerBase.java:751)
	at tools.jackson.databind.ser.BeanSerializer.serialize(BeanSerializer.java:171)
	at tools.jackson.databind.ser.BeanPropertyWriter.serializeAsProperty(BeanPropertyWriter.java:648)
	at tools.jackson.databind.ser.bean.BeanSerializerBase._serializePropertiesNoView(BeanSerializerBase.java:745)
	at tools.jackson.databind.ser.BeanSerializer.serialize(BeanSerializer.java:171)
	at tools.jackson.databind.ser.BeanPropertyWriter.serializeAsProperty(BeanPropertyWriter.java:648)
	at tools.jackson.databind.ser.bean.BeanSerializerBase._serializePropertiesNoView(BeanSerializerBase.java:745)
	at tools.jackson.databind.ser.BeanSerializer.serialize(BeanSerializer.java:171)
	at tools.jackson.databind.ser.BeanPropertyWriter.serializeAsProperty(BeanPropertyWriter.java:648)
	at tools.jackson.databind.ser.bean.BeanSerializerBase._serializePropertiesNoView(BeanSerializerBase.java:745)
	at tools.jackson.databind.ser.BeanSerializer.serialize(BeanSerializer.java:171)
	at tools.jackson.databind.ser.BeanPropertyWriter.serializeAsProperty(BeanPropertyWriter.java:648)
	at tools.jackson.databind.ser.bean.BeanSerializerBase._serializePropertiesNoView(BeanSerializerBase.java:751)
	at tools.jackson.databind.ser.BeanSerializer.serialize(BeanSerializer.java:171)
	at tools.jackson.databind.ser.BeanPropertyWriter.serializeAsProperty(BeanPropertyWriter.java:648)
	at tools.jackson.databind.ser.bean.BeanSerializerBase._serializePropertiesNoView(BeanSerializerBase.java:745)
	at tools.jackson.databind.ser.BeanSerializer.serialize(BeanSerializer.java:171)
	at tools.jackson.databind.ser.BeanPropertyWriter.serializeAsProperty(BeanPropertyWriter.java:648)
	at tools.jackson.databind.ser.bean.BeanSerializerBase._serializePropertiesNoView(BeanSerializerBase.java:745)
	at tools.jackson.databind.ser.BeanSerializer.serialize(BeanSerializer.java:171)
	at tools.jackson.databind.ser.BeanPropertyWriter.serializeAsProperty(BeanPropertyWriter.java:648)
	at tools.jackson.databind.ser.bean.BeanSerializerBase._serializePropertiesNoView(BeanSerializerBase.java:745)
	at tools.jackson.databind.ser.BeanSerializer.serialize(BeanSerializer.java:171)
	at tools.jackson.databind.ser.BeanPropertyWriter.serializeAsProperty(BeanPropertyWriter.java:648)
	at tools.jackson.databind.ser.bean.BeanSerializerBase._serializePropertiesNoView(BeanSerializerBase.java:751)
	at tools.jackson.databind.ser.BeanSerializer.serialize(BeanSerializer.java:171)
	at tools.jackson.databind.ser.BeanPropertyWriter.serializeAsProperty(BeanPropertyWriter.java:648)
	at tools.jackson.databind.ser.bean.BeanSerializerBase._serializePropertiesNoView(BeanSerializerBase.java:745)
	at tools.jackson.databind.ser.BeanSerializer.serialize(BeanSerializer.java:171)
	at tools.jackson.databind.ser.BeanPropertyWriter.serializeAsProperty(BeanPropertyWriter.java:648)
	at tools.jackson.databind.ser.bean.BeanSerializerBase._serializePropertiesNoView(BeanSerializerBase.java:745)
	at tools.jackson.databind.ser.BeanSerializer.serialize(BeanSerializer.java:171)
	at tools.jackson.databind.ser.BeanPropertyWriter.serializeAsProperty(BeanPropertyWriter.java:648)
	at tools.jackson.databind.ser.bean.BeanSerializerBase._serializePropertiesNoView(BeanSerializerBase.java:745)
	at tools.jackson.databind.ser.BeanSerializer.serialize(BeanSerializer.java:171)
	at tools.jackson.databind.ser.BeanPropertyWriter.serializeAsProperty(BeanPropertyWriter.java:648)
	at tools.jackson.databind.ser.bean.BeanSerializerBase._serializePropertiesNoView(BeanSerializerBase.java:751)
	at tools.jackson.databind.ser.BeanSerializer.serialize(BeanSerializer.java:171)
	at tools.jackson.databind.ser.BeanPropertyWriter.serializeAsProperty(BeanPropertyWriter.java:648)
	at tools.jackson.databind.ser.bean.BeanSerializerBase._serializePropertiesNoView(BeanSerializerBase.java:745)
	at tools.jackson.databind.ser.BeanSerializer.serialize(BeanSerializer.java:171)
	at tools.jackson.databind.ser.BeanPropertyWriter.serializeAsProperty(BeanPropertyWriter.java:648)
	at tools.jackson.databind.ser.bean.BeanSerializerBase._serializePropertiesNoView(BeanSerializerBase.java:745)
	at tools.jackson.databind.ser.BeanSerializer.serialize(BeanSerializer.java:171)
	at tools.jackson.databind.ser.BeanPropertyWriter.serializeAsProperty(BeanPropertyWriter.java:648)
	at tools.jackson.databind.ser.bean.BeanSerializerBase._serializePropertiesNoView(BeanSerializerBase.java:745)
	at tools.jackson.databind.ser.BeanSerializer.serialize(BeanSerializer.java:171)
	at tools.jackson.databind.ser.BeanPropertyWriter.serializeAsProperty(BeanPropertyWriter.java:648)
	at tools.jackson.databind.ser.bean.BeanSerializerBase._serializePropertiesNoView(BeanSerializerBase.java:751)
	at tools.jackson.databind.ser.BeanSerializer.serialize(BeanSerializer.java:171)
	at tools.jackson.databind.ser.BeanPropertyWriter.serializeAsProperty(BeanPropertyWriter.java:648)
	at tools.jackson.databind.ser.bean.BeanSerializerBase._serializePropertiesNoView(BeanSerializerBase.java:745)
	at tools.jackson.databind.ser.BeanSerializer.serialize(BeanSerializer.java:171)
	at tools.jackson.databind.ser.BeanPropertyWriter.serializeAsProperty(BeanPropertyWriter.java:648)
	at tools.jackson.databind.ser.bean.BeanSerializerBase._serializePropertiesNoView(BeanSerializerBase.java:745)
	at tools.jackson.databind.ser.BeanSerializer.serialize(BeanSerializer.java:171)
	at tools.jackson.databind.ser.BeanPropertyWriter.serializeAsProperty(BeanPropertyWriter.java:648)
	at tools.jackson.databind.ser.bean.BeanSerializerBase._serializePropertiesNoView(BeanSerializerBase.java:745)
	at tools.jackson.databind.ser.BeanSerializer.serialize(BeanSerializer.java:171)
	at tools.jackson.databind.ser.BeanPropertyWriter.serializeAsProperty(BeanPropertyWriter.java:648)
	at tools.jackson.databind.ser.bean.BeanSerializerBase._serializePropertiesNoView(BeanSerializerBase.java:751)
	at tools.jackson.databind.ser.BeanSerializer.serialize(BeanSerializer.java:171)
	at tools.jackson.databind.ser.BeanPropertyWriter.serializeAsProperty(BeanPropertyWriter.java:648)
	at tools.jackson.databind.ser.bean.BeanSerializerBase._serializePropertiesNoView(BeanSerializerBase.java:745)
	at tools.jackson.databind.ser.BeanSerializer.serialize(BeanSerializer.java:171)
	at tools.jackson.databind.ser.BeanPropertyWriter.serializeAsProperty(BeanPropertyWriter.java:648)
	at tools.jackson.databind.ser.bean.BeanSerializerBase._serializePropertiesNoView(BeanSerializerBase.java:745)
	at tools.jackson.databind.ser.BeanSerializer.serialize(BeanSerializer.java:171)
	at tools.jackson.databind.ser.BeanPropertyWriter.serializeAsProperty(BeanPropertyWriter.java:648)
	at tools.jackson.databind.ser.bean.BeanSerializerBase._serializePropertiesNoView(BeanSerializerBase.java:745)
	at tools.jackson.databind.ser.BeanSerializer.serialize(BeanSerializer.java:171)
	at tools.jackson.databind.ser.BeanPropertyWriter.serializeAsProperty(BeanPropertyWriter.java:648)
	at tools.jackson.databind.ser.bean.BeanSerializerBase._serializePropertiesNoView(BeanSerializerBase.java:751)
	at tools.jackson.databind.ser.BeanSerializer.serialize(BeanSerializer.java:171)
	at tools.jackson.databind.ser.BeanPropertyWriter.serializeAsProperty(BeanPropertyWriter.java:648)
	at tools.jackson.databind.ser.bean.BeanSerializerBase._serializePropertiesNoView(BeanSerializerBase.java:745)
	at tools.jackson.databind.ser.BeanSerializer.serialize(BeanSerializer.java:171)
	at tools.jackson.databind.ser.BeanPropertyWriter.serializeAsProperty(BeanPropertyWriter.java:648)
	at tools.jackson.databind.ser.bean.BeanSerializerBase._serializePropertiesNoView(BeanSerializerBase.java:745)
	at tools.jackson.databind.ser.BeanSerializer.serialize(BeanSerializer.java:171)
	at tools.jackson.databind.ser.BeanPropertyWriter.serializeAsProperty(BeanPropertyWriter.java:648)
	at tools.jackson.databind.ser.bean.BeanSerializerBase._serializePropertiesNoView(BeanSerializerBase.java:745)
	at tools.jackson.databind.ser.BeanSerializer.serialize(BeanSerializer.java:171)
	at tools.jackson.databind.ser.BeanPropertyWriter.serializeAsProperty(BeanPropertyWriter.java:648)
	at tools.jackson.databind.ser.bean.BeanSerializerBase._serializePropertiesNoView(BeanSerializerBase.java:751)
	at tools.jackson.databind.ser.BeanSerializer.serialize(BeanSerializer.java:171)
	at tools.jackson.databind.ser.BeanPropertyWriter.serializeAsProperty(BeanPropertyWriter.java:648)
	at tools.jackson.databind.ser.bean.BeanSerializerBase._serializePropertiesNoView(BeanSerializerBase.java:745)
	at tools.jackson.databind.ser.BeanSerializer.serialize(BeanSerializer.java:171)
	at tools.jackson.databind.ser.BeanPropertyWriter.serializeAsProperty(BeanPropertyWriter.java:648)
	at tools.jackson.databind.ser.bean.BeanSerializerBase._serializePropertiesNoView(BeanSerializerBase.java:745)
	at tools.jackson.databind.ser.BeanSerializer.serialize(BeanSerializer.java:171)
	at tools.jackson.databind.ser.BeanPropertyWriter.serializeAsProperty(BeanPropertyWriter.java:648)
	at tools.jackson.databind.ser.bean.BeanSerializerBase._serializePropertiesNoView(BeanSerializerBase.java:745)
	at tools.jackson.databind.ser.BeanSerializer.serialize(BeanSerializer.java:171)
	at tools.jackson.databind.ser.BeanPropertyWriter.serializeAsProperty(BeanPropertyWriter.java:648)
	at tools.jackson.databind.ser.bean.BeanSerializerBase._serializePropertiesNoView(BeanSerializerBase.java:751)
	at tools.jackson.databind.ser.BeanSerializer.serialize(BeanSerializer.java:171)
	at tools.jackson.databind.ser.BeanPropertyWriter.serializeAsProperty(BeanPropertyWriter.java:648)
	at tools.jackson.databind.ser.bean.BeanSerializerBase._serializePropertiesNoView(BeanSerializerBase.java:745)
	at tools.jackson.databind.ser.BeanSerializer.serialize(BeanSerializer.java:171)
	at tools.jackson.databind.ser.BeanPropertyWriter.serializeAsProperty(BeanPropertyWriter.java:648)
	at tools.jackson.databind.ser.bean.BeanSerializerBase._serializePropertiesNoView(BeanSerializerBase.java:745)
	at tools.jackson.databind.ser.BeanSerializer.serialize(BeanSerializer.java:171)
	at tools.jackson.databind.ser.BeanPropertyWriter.serializeAsProperty(BeanPropertyWriter.java:648)
	at tools.jackson.databind.ser.bean.BeanSerializerBase._serializePropertiesNoView(BeanSerializerBase.java:745)
	at tools.jackson.databind.ser.BeanSerializer.serialize(BeanSerializer.java:171)
	at tools.jackson.databind.ser.BeanPropertyWriter.serializeAsProperty(BeanPropertyWriter.java:648)
	at tools.jackson.databind.ser.bean.BeanSerializerBase._serializePropertiesNoView(BeanSerializerBase.java:751)
	at tools.jackson.databind.ser.BeanSerializer.serialize(BeanSerializer.java:171)
	at tools.jackson.databind.ser.BeanPropertyWriter.serializeAsProperty(BeanPropertyWriter.java:648)
	at tools.jackson.databind.ser.bean.BeanSerializerBase._serializePropertiesNoView(BeanSerializerBase.java:745)
	at tools.jackson.databind.ser.BeanSerializer.serialize(BeanSerializer.java:171)
	at tools.jackson.databind.ser.BeanPropertyWriter.serializeAsProperty(BeanPropertyWriter.java:648)
	at tools.jackson.databind.ser.bean.BeanSerializerBase._serializePropertiesNoView(BeanSerializerBase.java:745)
	at tools.jackson.databind.ser.BeanSerializer.serialize(BeanSerializer.java:171)
	at tools.jackson.databind.ser.BeanPropertyWriter.serializeAsProperty(BeanPropertyWriter.java:648)
	at tools.jackson.databind.ser.bean.BeanSerializerBase._serializePropertiesNoView(BeanSerializerBase.java:745)
	at tools.jackson.databind.ser.BeanSerializer.serialize(BeanSerializer.java:171)
	at tools.jackson.databind.ser.BeanPropertyWriter.serializeAsProperty(BeanPropertyWriter.java:648)
	at tools.jackson.databind.ser.bean.BeanSerializerBase._serializePropertiesNoView(BeanSerializerBase.java:751)
	at tools.jackson.databind.ser.BeanSerializer.serialize(BeanSerializer.java:171)
	at tools.jackson.databind.ser.BeanPropertyWriter.serializeAsProperty(BeanPropertyWriter.java:648)
	at tools.jackson.databind.ser.bean.BeanSerializerBase._serializePropertiesNoView(BeanSerializerBase.java:745)
	at tools.jackson.databind.ser.BeanSerializer.serialize(BeanSerializer.java:171)
	at tools.jackson.databind.ser.BeanPropertyWriter.serializeAsProperty(BeanPropertyWriter.java:648)
	at tools.jackson.databind.ser.bean.BeanSerializerBase._serializePropertiesNoView(BeanSerializerBase.java:745)
	at tools.jackson.databind.ser.BeanSerializer.serialize(BeanSerializer.java:171)
	at tools.jackson.databind.ser.BeanPropertyWriter.serializeAsProperty(BeanPropertyWriter.java:648)
	at tools.jackson.databind.ser.bean.BeanSerializerBase._serializePropertiesNoView(BeanSerializerBase.java:745)
	at tools.jackson.databind.ser.BeanSerializer.serialize(BeanSerializer.java:171)
	at tools.jackson.databind.ser.BeanPropertyWriter.serializeAsProperty(BeanPropertyWriter.java:648)
	at tools.jackson.databind.ser.bean.BeanSerializerBase._serializePropertiesNoView(BeanSerializerBase.java:751)
	at tools.jackson.databind.ser.BeanSerializer.serialize(BeanSerializer.java:171)
	at tools.jackson.databind.ser.BeanPropertyWriter.serializeAsProperty(BeanPropertyWriter.java:648)
	at tools.jackson.databind.ser.bean.BeanSerializerBase._serializePropertiesNoView(BeanSerializerBase.java:745)
	at tools.jackson.databind.ser.BeanSerializer.serialize(BeanSerializer.java:171)
	at tools.jackson.databind.ser.BeanPropertyWriter.serializeAsProperty(BeanPropertyWriter.java:648)
	at tools.jackson.databind.ser.bean.BeanSerializerBase._serializePropertiesNoView(BeanSerializerBase.java:745)
	at tools.jackson.databind.ser.BeanSerializer.serialize(BeanSerializer.java:171)
	at tools.jackson.databind.ser.BeanPropertyWriter.serializeAsProperty(BeanPropertyWriter.java:648)
	at tools.jackson.databind.ser.bean.BeanSerializerBase._serializePropertiesNoView(BeanSerializerBase.java:745)
	at tools.jackson.databind.ser.BeanSerializer.serialize(BeanSerializer.java:171)
	at tools.jackson.databind.ser.BeanPropertyWriter.serializeAsProperty(BeanPropertyWriter.java:648)
	at tools.jackson.databind.ser.bean.BeanSerializerBase._serializePropertiesNoView(BeanSerializerBase.java:751)
	at tools.jackson.databind.ser.BeanSerializer.serialize(BeanSerializer.java:171)
	at tools.jackson.databind.ser.BeanPropertyWriter.serializeAsProperty(BeanPropertyWriter.java:648)
	at tools.jackson.databind.ser.bean.BeanSerializerBase._serializePropertiesNoView(BeanSerializerBase.java:745)
	at tools.jackson.databind.ser.BeanSerializer.serialize(BeanSerializer.java:171)
	at tools.jackson.databind.ser.BeanPropertyWriter.serializeAsProperty(BeanPropertyWriter.java:648)
	at tools.jackson.databind.ser.bean.BeanSerializerBase._serializePropertiesNoView(BeanSerializerBase.java:745)
	at tools.jackson.databind.ser.BeanSerializer.serialize(BeanSerializer.java:171)
	at tools.jackson.databind.ser.BeanPropertyWriter.serializeAsProperty(BeanPropertyWriter.java:648)
	at tools.jackson.databind.ser.bean.BeanSerializerBase._serializePropertiesNoView(BeanSerializerBase.java:745)
	at tools.jackson.databind.ser.BeanSerializer.serialize(BeanSerializer.java:171)
	at tools.jackson.databind.ser.BeanPropertyWriter.serializeAsProperty(BeanPropertyWriter.java:648)
	at tools.jackson.databind.ser.bean.BeanSerializerBase._serializePropertiesNoView(BeanSerializerBase.java:751)
	at tools.jackson.databind.ser.BeanSerializer.serialize(BeanSerializer.java:171)
	at tools.jackson.databind.ser.BeanPropertyWriter.serializeAsProperty(BeanPropertyWriter.java:648)
	at tools.jackson.databind.ser.bean.BeanSerializerBase._serializePropertiesNoView(BeanSerializerBase.java:745)
	at tools.jackson.databind.ser.BeanSerializer.serialize(BeanSerializer.java:171)
	at tools.jackson.databind.ser.BeanPropertyWriter.serializeAsProperty(BeanPropertyWriter.java:648)
	at tools.jackson.databind.ser.bean.BeanSerializerBase._serializePropertiesNoView(BeanSerializerBase.java:745)
	at tools.jackson.databind.ser.BeanSerializer.serialize(BeanSerializer.java:171)
	at tools.jackson.databind.ser.BeanPropertyWriter.serializeAsProperty(BeanPropertyWriter.java:648)
	at tools.jackson.databind.ser.bean.BeanSerializerBase._serializePropertiesNoView(BeanSerializerBase.java:745)
	at tools.jackson.databind.ser.BeanSerializer.serialize(BeanSerializer.java:171)
	at tools.jackson.databind.ser.BeanPropertyWriter.serializeAsProperty(BeanPropertyWriter.java:648)
	at tools.jackson.databind.ser.bean.BeanSerializerBase._serializePropertiesNoView(BeanSerializerBase.java:751)
	at tools.jackson.databind.ser.BeanSerializer.serialize(BeanSerializer.java:171)
	at tools.jackson.databind.ser.BeanPropertyWriter.serializeAsProperty(BeanPropertyWriter.java:648)
	at tools.jackson.databind.ser.bean.BeanSerializerBase._serializePropertiesNoView(BeanSerializerBase.java:745)
	at tools.jackson.databind.ser.BeanSerializer.serialize(BeanSerializer.java:171)
	at tools.jackson.databind.ser.BeanPropertyWriter.serializeAsProperty(BeanPropertyWriter.java:648)
	at tools.jackson.databind.ser.bean.BeanSerializerBase._serializePropertiesNoView(BeanSerializerBase.java:745)
	at tools.jackson.databind.ser.BeanSerializer.serialize(BeanSerializer.java:171)
	at tools.jackson.databind.ser.BeanPropertyWriter.serializeAsProperty(BeanPropertyWriter.java:648)
	at tools.jackson.databind.ser.bean.BeanSerializerBase._serializePropertiesNoView(BeanSerializerBase.java:745)
	at tools.jackson.databind.ser.BeanSerializer.serialize(BeanSerializer.java:171)
	at tools.jackson.databind.ser.BeanPropertyWriter.serializeAsProperty(BeanPropertyWriter.java:648)
	at tools.jackson.databind.ser.bean.BeanSerializerBase._serializePropertiesNoView(BeanSerializerBase.java:751)
	at tools.jackson.databind.ser.BeanSerializer.serialize(BeanSerializer.java:171)
	at tools.jackson.databind.ser.BeanPropertyWriter.serializeAsProperty(BeanPropertyWriter.java:648)
	at tools.jackson.databind.ser.bean.BeanSerializerBase._serializePropertiesNoView(BeanSerializerBase.java:745)
	at tools.jackson.databind.ser.BeanSerializer.serialize(BeanSerializer.java:171)
	at tools.jackson.databind.ser.BeanPropertyWriter.serializeAsProperty(BeanPropertyWriter.java:648)
	at tools.jackson.databind.ser.bean.BeanSerializerBase._serializePropertiesNoView(BeanSerializerBase.java:745)
	at tools.jackson.databind.ser.BeanSerializer.serialize(BeanSerializer.java:171)
	at tools.jackson.databind.ser.BeanPropertyWriter.serializeAsProperty(BeanPropertyWriter.java:648)
	at tools.jackson.databind.ser.bean.BeanSerializerBase._serializePropertiesNoView(BeanSerializerBase.java:745)
	at tools.jackson.databind.ser.BeanSerializer.serialize(BeanSerializer.java:171)
	at tools.jackson.databind.ser.BeanPropertyWriter.serializeAsProperty(BeanPropertyWriter.java:648)
	at tools.jackson.databind.ser.bean.BeanSerializerBase._serializePropertiesNoView(BeanSerializerBase.java:751)
	at tools.jackson.databind.ser.BeanSerializer.serialize(BeanSerializer.java:171)
	at tools.jackson.databind.ser.BeanPropertyWriter.serializeAsProperty(BeanPropertyWriter.java:648)
	at tools.jackson.databind.ser.bean.BeanSerializerBase._serializePropertiesNoView(BeanSerializerBase.java:745)
	at tools.jackson.databind.ser.BeanSerializer.serialize(BeanSerializer.java:171)
	at tools.jackson.databind.ser.BeanPropertyWriter.serializeAsProperty(BeanPropertyWriter.java:648)
	at tools.jackson.databind.ser.bean.BeanSerializerBase._serializePropertiesNoView(BeanSerializerBase.java:745)
	at tools.jackson.databind.ser.BeanSerializer.serialize(BeanSerializer.java:171)
	at tools.jackson.databind.ser.BeanPropertyWriter.serializeAsProperty(BeanPropertyWriter.java:648)
	at tools.jackson.databind.ser.bean.BeanSerializerBase._serializePropertiesNoView(BeanSerializerBase.java:745)
	at tools.jackson.databind.ser.BeanSerializer.serialize(BeanSerializer.java:171)
	at tools.jackson.databind.ser.BeanPropertyWriter.serializeAsProperty(BeanPropertyWriter.java:648)
	at tools.jackson.databind.ser.bean.BeanSerializerBase._serializePropertiesNoView(BeanSerializerBase.java:751)
	at tools.jackson.databind.ser.BeanSerializer.serialize(BeanSerializer.java:171)
	at tools.jackson.databind.ser.BeanPropertyWriter.serializeAsProperty(BeanPropertyWriter.java:648)
	at tools.jackson.databind.ser.bean.BeanSerializerBase._serializePropertiesNoView(BeanSerializerBase.java:745)
	at tools.jackson.databind.ser.BeanSerializer.serialize(BeanSerializer.java:171)
	at tools.jackson.databind.ser.BeanPropertyWriter.serializeAsProperty(BeanPropertyWriter.java:648)
	at tools.jackson.databind.ser.bean.BeanSerializerBase._serializePropertiesNoView(BeanSerializerBase.java:745)
	at tools.jackson.databind.ser.BeanSerializer.serialize(BeanSerializer.java:171)
	at tools.jackson.databind.ser.BeanPropertyWriter.serializeAsProperty(BeanPropertyWriter.java:648)
	at tools.jackson.databind.ser.bean.BeanSerializerBase._serializePropertiesNoView(BeanSerializerBase.java:745)
	at tools.jackson.databind.ser.BeanSerializer.serialize(BeanSerializer.java:171)
	at tools.jackson.databind.ser.BeanPropertyWriter.serializeAsProperty(BeanPropertyWriter.java:648)
	at tools.jackson.databind.ser.bean.BeanSerializerBase._serializePropertiesNoView(BeanSerializerBase.java:751)
	at tools.jackson.databind.ser.BeanSerializer.serialize(BeanSerializer.java:171)
	at tools.jackson.databind.ser.BeanPropertyWriter.serializeAsProperty(BeanPropertyWriter.java:648)
	at tools.jackson.databind.ser.bean.BeanSerializerBase._serializePropertiesNoView(BeanSerializerBase.java:745)
	at tools.jackson.databind.ser.BeanSerializer.serialize(BeanSerializer.java:171)
	at tools.jackson.databind.ser.BeanPropertyWriter.serializeAsProperty(BeanPropertyWriter.java:648)
	at tools.jackson.databind.ser.bean.BeanSerializerBase._serializePropertiesNoView(BeanSerializerBase.java:745)
	at tools.jackson.databind.ser.BeanSerializer.serialize(BeanSerializer.java:171)
	at tools.jackson.databind.ser.BeanPropertyWriter.serializeAsProperty(BeanPropertyWriter.java:648)
	at tools.jackson.databind.ser.bean.BeanSerializerBase._serializePropertiesNoView(BeanSerializerBase.java:745)
	at tools.jackson.databind.ser.BeanSerializer.serialize(BeanSerializer.java:171)
	at tools.jackson.databind.ser.BeanPropertyWriter.serializeAsProperty(BeanPropertyWriter.java:648)
	at tools.jackson.databind.ser.bean.BeanSerializerBase._serializePropertiesNoView(BeanSerializerBase.java:751)
	at tools.jackson.databind.ser.BeanSerializer.serialize(BeanSerializer.java:171)
	at tools.jackson.databind.ser.BeanPropertyWriter.serializeAsProperty(BeanPropertyWriter.java:648)
	at tools.jackson.databind.ser.bean.BeanSerializerBase._serializePropertiesNoView(BeanSerializerBase.java:745)
	at tools.jackson.databind.ser.BeanSerializer.serialize(BeanSerializer.java:171)
	at tools.jackson.databind.ser.BeanPropertyWriter.serializeAsProperty(BeanPropertyWriter.java:648)
	at tools.jackson.databind.ser.bean.BeanSerializerBase._serializePropertiesNoView(BeanSerializerBase.java:745)
	at tools.jackson.databind.ser.BeanSerializer.serialize(BeanSerializer.java:171)
	at tools.jackson.databind.ser.BeanPropertyWriter.serializeAsProperty(BeanPropertyWriter.java:648)
	at tools.jackson.databind.ser.bean.BeanSerializerBase._serializePropertiesNoView(BeanSerializerBase.java:745)
	at tools.jackson.databind.ser.BeanSerializer.serialize(BeanSerializer.java:171)
	at tools.jackson.databind.ser.BeanPropertyWriter.serializeAsProperty(BeanPropertyWriter.java:648)
	at tools.jackson.databind.ser.bean.BeanSerializerBase._serializePropertiesNoView(BeanSerializerBase.java:751)
	at tools.jackson.databind.ser.BeanSerializer.serialize(BeanSerializer.java:171)
	at tools.jackson.databind.ser.BeanPropertyWriter.serializeAsProperty(BeanPropertyWriter.java:648)
	at tools.jackson.databind.ser.bean.BeanSerializerBase._serializePropertiesNoView(BeanSerializerBase.java:745)
	at tools.jackson.databind.ser.BeanSerializer.serialize(BeanSerializer.java:171)
	at tools.jackson.databind.ser.BeanPropertyWriter.serializeAsProperty(BeanPropertyWriter.java:648)
	at tools.jackson.databind.ser.bean.BeanSerializerBase._serializePropertiesNoView(BeanSerializerBase.java:745)
	at tools.jackson.databind.ser.BeanSerializer.serialize(BeanSerializer.java:171)
	at tools.jackson.databind.ser.BeanPropertyWriter.serializeAsProperty(BeanPropertyWriter.java:648)
	at tools.jackson.databind.ser.bean.BeanSerializerBase._serializePropertiesNoView(BeanSerializerBase.java:745)
	at tools.jackson.databind.ser.BeanSerializer.serialize(BeanSerializer.java:171)
	at tools.jackson.databind.ser.BeanPropertyWriter.serializeAsProperty(BeanPropertyWriter.java:648)
	at tools.jackson.databind.ser.bean.BeanSerializerBase._serializePropertiesNoView(BeanSerializerBase.java:751)
	at tools.jackson.databind.ser.BeanSerializer.serialize(BeanSerializer.java:171)
	at tools.jackson.databind.ser.BeanPropertyWriter.serializeAsProperty(BeanPropertyWriter.java:648)
	at tools.jackson.databind.ser.bean.BeanSerializerBase._serializePropertiesNoView(BeanSerializerBase.java:745)
	at tools.jackson.databind.ser.BeanSerializer.serialize(BeanSerializer.java:171)
	at tools.jackson.databind.ser.BeanPropertyWriter.serializeAsProperty(BeanPropertyWriter.java:648)
	at tools.jackson.databind.ser.bean.BeanSerializerBase._serializePropertiesNoView(BeanSerializerBase.java:745)
	at tools.jackson.databind.ser.BeanSerializer.serialize(BeanSerializer.java:171)
	at tools.jackson.databind.ser.BeanPropertyWriter.serializeAsProperty(BeanPropertyWriter.java:648)
	at tools.jackson.databind.ser.bean.BeanSerializerBase._serializePropertiesNoView(BeanSerializerBase.java:745)
	at tools.jackson.databind.ser.BeanSerializer.serialize(BeanSerializer.java:171)
	at tools.jackson.databind.ser.BeanPropertyWriter.serializeAsProperty(BeanPropertyWriter.java:648)
	at tools.jackson.databind.ser.bean.BeanSerializerBase._serializePropertiesNoView(BeanSerializerBase.java:751)
	at tools.jackson.databind.ser.BeanSerializer.serialize(BeanSerializer.java:171)
	at tools.jackson.databind.ser.BeanPropertyWriter.serializeAsProperty(BeanPropertyWriter.java:648)
	at tools.jackson.databind.ser.bean.BeanSerializerBase._serializePropertiesNoView(BeanSerializerBase.java:745)
	at tools.jackson.databind.ser.BeanSerializer.serialize(BeanSerializer.java:171)
	at tools.jackson.databind.ser.BeanPropertyWriter.serializeAsProperty(BeanPropertyWriter.java:648)
	at tools.jackson.databind.ser.bean.BeanSerializerBase._serializePropertiesNoView(BeanSerializerBase.java:745)
	at tools.jackson.databind.ser.BeanSerializer.serialize(BeanSerializer.java:171)
	at tools.jackson.databind.ser.BeanPropertyWriter.serializeAsProperty(BeanPropertyWriter.java:648)
	at tools.jackson.databind.ser.bean.BeanSerializerBase._serializePropertiesNoView(BeanSerializerBase.java:745)
	at tools.jackson.databind.ser.BeanSerializer.serialize(BeanSerializer.java:171)
	at tools.jackson.databind.ser.BeanPropertyWriter.serializeAsProperty(BeanPropertyWriter.java:648)
	at tools.jackson.databind.ser.bean.BeanSerializerBase._serializePropertiesNoView(BeanSerializerBase.java:751)
	at tools.jackson.databind.ser.BeanSerializer.serialize(BeanSerializer.java:171)
	at tools.jackson.databind.ser.BeanPropertyWriter.serializeAsProperty(BeanPropertyWriter.java:648)
	at tools.jackson.databind.ser.bean.BeanSerializerBase._serializePropertiesNoView(BeanSerializerBase.java:745)
	at tools.jackson.databind.ser.BeanSerializer.serialize(BeanSerializer.java:171)
	at tools.jackson.databind.ser.BeanPropertyWriter.serializeAsProperty(BeanPropertyWriter.java:648)
	at tools.jackson.databind.ser.bean.BeanSerializerBase._serializePropertiesNoView(BeanSerializerBase.java:745)
	at tools.jackson.databind.ser.BeanSerializer.serialize(BeanSerializer.java:171)
	at tools.jackson.databind.ser.BeanPropertyWriter.serializeAsProperty(BeanPropertyWriter.java:648)
	at tools.jackson.databind.ser.bean.BeanSerializerBase._serializePropertiesNoView(BeanSerializerBase.java:745)
	at tools.jackson.databind.ser.BeanSerializer.serialize(BeanSerializer.java:171)
	at tools.jackson.databind.ser.BeanPropertyWriter.serializeAsProperty(BeanPropertyWriter.java:648)
	at tools.jackson.databind.ser.bean.BeanSerializerBase._serializePropertiesNoView(BeanSerializerBase.java:751)
	at tools.jackson.databind.ser.BeanSerializer.serialize(BeanSerializer.java:171)
	at tools.jackson.databind.ser.BeanPropertyWriter.serializeAsProperty(BeanPropertyWriter.java:648)
	at tools.jackson.databind.ser.bean.BeanSerializerBase._serializePropertiesNoView(BeanSerializerBase.java:745)
	at tools.jackson.databind.ser.BeanSerializer.serialize(BeanSerializer.java:171)
	at tools.jackson.databind.ser.BeanPropertyWriter.serializeAsProperty(BeanPropertyWriter.java:648)
	at tools.jackson.databind.ser.bean.BeanSerializerBase._serializePropertiesNoView(BeanSerializerBase.java:745)
	at tools.jackson.databind.ser.BeanSerializer.serialize(BeanSerializer.java:171)
	at tools.jackson.databind.ser.BeanPropertyWriter.serializeAsProperty(BeanPropertyWriter.java:648)
	at tools.jackson.databind.ser.bean.BeanSerializerBase._serializePropertiesNoView(BeanSerializerBase.java:745)
	at tools.jackson.databind.ser.BeanSerializer.serialize(BeanSerializer.java:171)
	at tools.jackson.databind.ser.BeanPropertyWriter.serializeAsProperty(BeanPropertyWriter.java:648)
	at tools.jackson.databind.ser.bean.BeanSerializerBase._serializePropertiesNoView(BeanSerializerBase.java:751)
	at tools.jackson.databind.ser.BeanSerializer.serialize(BeanSerializer.java:171)
	at tools.jackson.databind.ser.BeanPropertyWriter.serializeAsProperty(BeanPropertyWriter.java:648)
	at tools.jackson.databind.ser.bean.BeanSerializerBase._serializePropertiesNoView(BeanSerializerBase.java:745)
	at tools.jackson.databind.ser.BeanSerializer.serialize(BeanSerializer.java:171)
	at tools.jackson.databind.ser.BeanPropertyWriter.serializeAsProperty(BeanPropertyWriter.java:648)
	at tools.jackson.databind.ser.bean.BeanSerializerBase._serializePropertiesNoView(BeanSerializerBase.java:745)
	at tools.jackson.databind.ser.BeanSerializer.serialize(BeanSerializer.java:171)
	at tools.jackson.databind.ser.BeanPropertyWriter.serializeAsProperty(BeanPropertyWriter.java:648)
	at tools.jackson.databind.ser.bean.BeanSerializerBase._serializePropertiesNoView(BeanSerializerBase.java:745)
	at tools.jackson.databind.ser.BeanSerializer.serialize(BeanSerializer.java:171)
	at tools.jackson.databind.ser.BeanPropertyWriter.serializeAsProperty(BeanPropertyWriter.java:648)
	at tools.jackson.databind.ser.bean.BeanSerializerBase._serializePropertiesNoView(BeanSerializerBase.java:751)
	at tools.jackson.databind.ser.BeanSerializer.serialize(BeanSerializer.java:171)
	at tools.jackson.databind.ser.BeanPropertyWriter.serializeAsProperty(BeanPropertyWriter.java:648)
	at tools.jackson.databind.ser.bean.BeanSerializerBase._serializePropertiesNoView(BeanSerializerBase.java:745)
	at tools.jackson.databind.ser.BeanSerializer.serialize(BeanSerializer.java:171)
	at tools.jackson.databind.ser.BeanPropertyWriter.serializeAsProperty(BeanPropertyWriter.java:648)
	at tools.jackson.databind.ser.bean.BeanSerializerBase._serializePropertiesNoView(BeanSerializerBase.java:745)
	at tools.jackson.databind.ser.BeanSerializer.serialize(BeanSerializer.java:171)
	at tools.jackson.databind.ser.BeanPropertyWriter.serializeAsProperty(BeanPropertyWriter.java:648)
	at tools.jackson.databind.ser.bean.BeanSerializerBase._serializePropertiesNoView(BeanSerializerBase.java:745)
	at tools.jackson.databind.ser.BeanSerializer.serialize(BeanSerializer.java:171)
	at tools.jackson.databind.ser.BeanPropertyWriter.serializeAsProperty(BeanPropertyWriter.java:648)
	at tools.jackson.databind.ser.bean.BeanSerializerBase._serializePropertiesNoView(BeanSerializerBase.java:751)
	at tools.jackson.databind.ser.BeanSerializer.serialize(BeanSerializer.java:171)
	at tools.jackson.databind.ser.BeanPropertyWriter.serializeAsProperty(BeanPropertyWriter.java:648)
	at tools.jackson.databind.ser.bean.BeanSerializerBase._serializePropertiesNoView(BeanSerializerBase.java:745)
	at tools.jackson.databind.ser.BeanSerializer.serialize(BeanSerializer.java:171)
	at tools.jackson.databind.ser.BeanPropertyWriter.serializeAsProperty(BeanPropertyWriter.java:648)
	at tools.jackson.databind.ser.bean.BeanSerializerBase._serializePropertiesNoView(BeanSerializerBase.java:745)
	at tools.jackson.databind.ser.BeanSerializer.serialize(BeanSerializer.java:171)
	at tools.jackson.databind.ser.BeanPropertyWriter.serializeAsProperty(BeanPropertyWriter.java:648)
	at tools.jackson.databind.ser.bean.BeanSerializerBase._serializePropertiesNoView(BeanSerializerBase.java:745)
	at tools.jackson.databind.ser.BeanSerializer.serialize(BeanSerializer.java:171)
	at tools.jackson.databind.ser.BeanPropertyWriter.serializeAsProperty(BeanPropertyWriter.java:648)
	at tools.jackson.databind.ser.bean.BeanSerializerBase._serializePropertiesNoView(BeanSerializerBase.java:751)
	at tools.jackson.databind.ser.BeanSerializer.serialize(BeanSerializer.java:171)
	at tools.jackson.databind.ser.BeanPropertyWriter.serializeAsProperty(BeanPropertyWriter.java:648)
	at tools.jackson.databind.ser.bean.BeanSerializerBase._serializePropertiesNoView(BeanSerializerBase.java:745)
	at tools.jackson.databind.ser.BeanSerializer.serialize(BeanSerializer.java:171)
	at tools.jackson.databind.ser.BeanPropertyWriter.serializeAsProperty(BeanPropertyWriter.java:648)
	at tools.jackson.databind.ser.bean.BeanSerializerBase._serializePropertiesNoView(BeanSerializerBase.java:745)
	at tools.jackson.databind.ser.BeanSerializer.serialize(BeanSerializer.java:171)
	at tools.jackson.databind.ser.BeanPropertyWriter.serializeAsProperty(BeanPropertyWriter.java:648)
	at tools.jackson.databind.ser.bean.BeanSerializerBase._serializePropertiesNoView(BeanSerializerBase.java:745)
	at tools.jackson.databind.ser.BeanSerializer.serialize(BeanSerializer.java:171)
	at tools.jackson.databind.ser.BeanPropertyWriter.serializeAsProperty(BeanPropertyWriter.java:648)
	at tools.jackson.databind.ser.bean.BeanSerializerBase._serializePropertiesNoView(BeanSerializerBase.java:751)
	at tools.jackson.databind.ser.BeanSerializer.serialize(BeanSerializer.java:171)
	at tools.jackson.databind.ser.BeanPropertyWriter.serializeAsProperty(BeanPropertyWriter.java:648)
	at tools.jackson.databind.ser.bean.BeanSerializerBase._serializePropertiesNoView(BeanSerializerBase.java:745)
	at tools.jackson.databind.ser.BeanSerializer.serialize(BeanSerializer.java:171)
	at tools.jackson.databind.ser.BeanPropertyWriter.serializeAsProperty(BeanPropertyWriter.java:648)
	at tools.jackson.databind.ser.bean.BeanSerializerBase._serializePropertiesNoView(BeanSerializerBase.java:745)
	at tools.jackson.databind.ser.BeanSerializer.serialize(BeanSerializer.java:171)
	at tools.jackson.databind.ser.BeanPropertyWriter.serializeAsProperty(BeanPropertyWriter.java:648)
	at tools.jackson.databind.ser.bean.BeanSerializerBase._serializePropertiesNoView(BeanSerializerBase.java:745)
	at tools.jackson.databind.ser.BeanSerializer.serialize(BeanSerializer.java:171)
	at tools.jackson.databind.ser.BeanPropertyWriter.serializeAsProperty(BeanPropertyWriter.java:648)
	at tools.jackson.databind.ser.bean.BeanSerializerBase._serializePropertiesNoView(BeanSerializerBase.java:751)
	at tools.jackson.databind.ser.BeanSerializer.serialize(BeanSerializer.java:171)
	at tools.jackson.databind.ser.BeanPropertyWriter.serializeAsProperty(BeanPropertyWriter.java:648)
	at tools.jackson.databind.ser.bean.BeanSerializerBase._serializePropertiesNoView(BeanSerializerBase.java:745)
	at tools.jackson.databind.ser.BeanSerializer.serialize(BeanSerializer.java:171)
	at tools.jackson.databind.ser.BeanPropertyWriter.serializeAsProperty(BeanPropertyWriter.java:648)
	at tools.jackson.databind.ser.bean.BeanSerializerBase._serializePropertiesNoView(BeanSerializerBase.java:745)
	at tools.jackson.databind.ser.BeanSerializer.serialize(BeanSerializer.java:171)
	at tools.jackson.databind.ser.BeanPropertyWriter.serializeAsProperty(BeanPropertyWriter.java:648)
	at tools.jackson.databind.ser.bean.BeanSerializerBase._serializePropertiesNoView(BeanSerializerBase.java:745)
	at tools.jackson.databind.ser.BeanSerializer.serialize(BeanSerializer.java:171)
	at tools.jackson.databind.ser.BeanPropertyWriter.serializeAsProperty(BeanPropertyWriter.java:648)
	at tools.jackson.databind.ser.bean.BeanSerializerBase._serializePropertiesNoView(BeanSerializerBase.java:751)
	at tools.jackson.databind.ser.BeanSerializer.serialize(BeanSerializer.java:171)
	at tools.jackson.databind.ser.BeanPropertyWriter.serializeAsProperty(BeanPropertyWriter.java:648)
	at tools.jackson.databind.ser.bean.BeanSerializerBase._serializePropertiesNoView(BeanSerializerBase.java:745)
	at tools.jackson.databind.ser.BeanSerializer.serialize(BeanSerializer.java:171)
	at tools.jackson.databind.ser.BeanPropertyWriter.serializeAsProperty(BeanPropertyWriter.java:648)
	at tools.jackson.databind.ser.bean.BeanSerializerBase._serializePropertiesNoView(BeanSerializerBase.java:745)
	at tools.jackson.databind.ser.BeanSerializer.serialize(BeanSerializer.java:171)
	at tools.jackson.databind.ser.BeanPropertyWriter.serializeAsProperty(BeanPropertyWriter.java:648)
	at tools.jackson.databind.ser.bean.BeanSerializerBase._serializePropertiesNoView(BeanSerializerBase.java:745)
	at tools.jackson.databind.ser.BeanSerializer.serialize(BeanSerializer.java:171)
	at tools.jackson.databind.ser.BeanPropertyWriter.serializeAsProperty(BeanPropertyWriter.java:648)
	at tools.jackson.databind.ser.bean.BeanSerializerBase._serializePropertiesNoView(BeanSerializerBase.java:751)
	at tools.jackson.databind.ser.BeanSerializer.serialize(BeanSerializer.java:171)
	at tools.jackson.databind.ser.BeanPropertyWriter.serializeAsProperty(BeanPropertyWriter.java:648)
	at tools.jackson.databind.ser.bean.BeanSerializerBase._serializePropertiesNoView(BeanSerializerBase.java:745)
	at tools.jackson.databind.ser.BeanSerializer.serialize(BeanSerializer.java:171)
	at tools.jackson.databind.ser.BeanPropertyWriter.serializeAsProperty(BeanPropertyWriter.java:648)
	at tools.jackson.databind.ser.bean.BeanSerializerBase._serializePropertiesNoView(BeanSerializerBase.java:745)
	at tools.jackson.databind.ser.BeanSerializer.serialize(BeanSerializer.java:171)
	at tools.jackson.databind.ser.BeanPropertyWriter.serializeAsProperty(BeanPropertyWriter.java:648)
	at tools.jackson.databind.ser.bean.BeanSerializerBase._serializePropertiesNoView(BeanSerializerBase.java:745)
	at tools.jackson.databind.ser.BeanSerializer.serialize(BeanSerializer.java:171)
	at tools.jackson.databind.ser.BeanPropertyWriter.serializeAsProperty(BeanPropertyWriter.java:648)
	at tools.jackson.databind.ser.bean.BeanSerializerBase._serializePropertiesNoView(BeanSerializerBase.java:751)
	at tools.jackson.databind.ser.BeanSerializer.serialize(BeanSerializer.java:171)
	at tools.jackson.databind.ser.BeanPropertyWriter.serializeAsProperty(BeanPropertyWriter.java:648)
	at tools.jackson.databind.ser.bean.BeanSerializerBase._serializePropertiesNoView(BeanSerializerBase.java:745)
	at tools.jackson.databind.ser.BeanSerializer.serialize(BeanSerializer.java:171)
	at tools.jackson.databind.ser.BeanPropertyWriter.serializeAsProperty(BeanPropertyWriter.java:648)
	at tools.jackson.databind.ser.bean.BeanSerializerBase._serializePropertiesNoView(BeanSerializerBase.java:745)
	at tools.jackson.databind.ser.BeanSerializer.serialize(BeanSerializer.java:171)
	at tools.jackson.databind.ser.BeanPropertyWriter.serializeAsProperty(BeanPropertyWriter.java:648)
	at tools.jackson.databind.ser.bean.BeanSerializerBase._serializePropertiesNoView(BeanSerializerBase.java:745)
	at tools.jackson.databind.ser.BeanSerializer.serialize(BeanSerializer.java:171)
	at tools.jackson.databind.ser.BeanPropertyWriter.serializeAsProperty(BeanPropertyWriter.java:648)
	at tools.jackson.databind.ser.bean.BeanSerializerBase._serializePropertiesNoView(BeanSerializerBase.java:751)
	at tools.jackson.databind.ser.BeanSerializer.serialize(BeanSerializer.java:171)
	at tools.jackson.databind.ser.BeanPropertyWriter.serializeAsProperty(BeanPropertyWriter.java:648)
	at tools.jackson.databind.ser.bean.BeanSerializerBase._serializePropertiesNoView(BeanSerializerBase.java:745)
	at tools.jackson.databind.ser.BeanSerializer.serialize(BeanSerializer.java:171)
	at tools.jackson.databind.ser.BeanPropertyWriter.serializeAsProperty(BeanPropertyWriter.java:648)
	at tools.jackson.databind.ser.bean.BeanSerializerBase._serializePropertiesNoView(BeanSerializerBase.java:745)
	at tools.jackson.databind.ser.BeanSerializer.serialize(BeanSerializer.java:171)
	at tools.jackson.databind.ser.BeanPropertyWriter.serializeAsProperty(BeanPropertyWriter.java:648)
	at tools.jackson.databind.ser.bean.BeanSerializerBase._serializePropertiesNoView(BeanSerializerBase.java:745)
	at tools.jackson.databind.ser.BeanSerializer.serialize(BeanSerializer.java:171)
	at tools.jackson.databind.ser.BeanPropertyWriter.serializeAsProperty(BeanPropertyWriter.java:648)
	at tools.jackson.databind.ser.bean.BeanSerializerBase._serializePropertiesNoView(BeanSerializerBase.java:751)
	at tools.jackson.databind.ser.BeanSerializer.serialize(BeanSerializer.java:171)
	at tools.jackson.databind.ser.BeanPropertyWriter.serializeAsProperty(BeanPropertyWriter.java:648)
	at tools.jackson.databind.ser.bean.BeanSerializerBase._serializePropertiesNoView(BeanSerializerBase.java:745)
	at tools.jackson.databind.ser.BeanSerializer.serialize(BeanSerializer.java:171)
	at tools.jackson.databind.ser.BeanPropertyWriter.serializeAsProperty(BeanPropertyWriter.java:648)
	at tools.jackson.databind.ser.bean.BeanSerializerBase._serializePropertiesNoView(BeanSerializerBase.java:745)
	at tools.jackson.databind.ser.BeanSerializer.serialize(BeanSerializer.java:171)
	at tools.jackson.databind.ser.BeanPropertyWriter.serializeAsProperty(BeanPropertyWriter.java:648)
	at tools.jackson.databind.ser.bean.BeanSerializerBase._serializePropertiesNoView(BeanSerializerBase.java:745)
	at tools.jackson.databind.ser.BeanSerializer.serialize(BeanSerializer.java:171)
	at tools.jackson.databind.ser.BeanPropertyWriter.serializeAsProperty(BeanPropertyWriter.java:648)
	at tools.jackson.databind.ser.bean.BeanSerializerBase._serializePropertiesNoView(BeanSerializerBase.java:751)
	at tools.jackson.databind.ser.BeanSerializer.serialize(BeanSerializer.java:171)
	at tools.jackson.databind.ser.BeanPropertyWriter.serializeAsProperty(BeanPropertyWriter.java:648)
	at tools.jackson.databind.ser.bean.BeanSerializerBase._serializePropertiesNoView(BeanSerializerBase.java:745)
	at tools.jackson.databind.ser.BeanSerializer.serialize(BeanSerializer.java:171)
	at tools.jackson.databind.ser.BeanPropertyWriter.serializeAsProperty(BeanPropertyWriter.java:648)
	at tools.jackson.databind.ser.bean.BeanSerializerBase._serializePropertiesNoView(BeanSerializerBase.java:745)
	at tools.jackson.databind.ser.BeanSerializer.serialize(BeanSerializer.java:171)
	at tools.jackson.databind.ser.BeanPropertyWriter.serializeAsProperty(BeanPropertyWriter.java:648)
	at tools.jackson.databind.ser.bean.BeanSerializerBase._serializePropertiesNoView(BeanSerializerBase.java:745)
	at tools.jackson.databind.ser.BeanSerializer.serialize(BeanSerializer.java:171)
	at tools.jackson.databind.ser.BeanPropertyWriter.serializeAsProperty(BeanPropertyWriter.java:648)
	at tools.jackson.databind.ser.bean.BeanSerializerBase._serializePropertiesNoView(BeanSerializerBase.java:751)
	at tools.jackson.databind.ser.BeanSerializer.serialize(BeanSerializer.java:171)
	at tools.jackson.databind.ser.BeanPropertyWriter.serializeAsProperty(BeanPropertyWriter.java:648)
	at tools.jackson.databind.ser.bean.BeanSerializerBase._serializePropertiesNoView(BeanSerializerBase.java:745)
	at tools.jackson.databind.ser.BeanSerializer.serialize(BeanSerializer.java:171)
	at tools.jackson.databind.ser.BeanPropertyWriter.serializeAsProperty(BeanPropertyWriter.java:648)
	at tools.jackson.databind.ser.bean.BeanSerializerBase._serializePropertiesNoView(BeanSerializerBase.java:745)
	at tools.jackson.databind.ser.BeanSerializer.serialize(BeanSerializer.java:171)
	at tools.jackson.databind.ser.BeanPropertyWriter.serializeAsProperty(BeanPropertyWriter.java:648)
	at tools.jackson.databind.ser.bean.BeanSerializerBase._serializePropertiesNoView(BeanSerializerBase.java:745)
	at tools.jackson.databind.ser.BeanSerializer.serialize(BeanSerializer.java:171)
	at tools.jackson.databind.ser.BeanPropertyWriter.serializeAsProperty(BeanPropertyWriter.java:648)
	at tools.jackson.databind.ser.bean.BeanSerializerBase._serializePropertiesNoView(BeanSerializerBase.java:751)
	at tools.jackson.databind.ser.BeanSerializer.serialize(BeanSerializer.java:171)
	at tools.jackson.databind.ser.BeanPropertyWriter.serializeAsProperty(BeanPropertyWriter.java:648)
	at tools.jackson.databind.ser.bean.BeanSerializerBase._serializePropertiesNoView(BeanSerializerBase.java:745)
	at tools.jackson.databind.ser.BeanSerializer.serialize(BeanSerializer.java:171)
	at tools.jackson.databind.ser.BeanPropertyWriter.serializeAsProperty(BeanPropertyWriter.java:648)
	at tools.jackson.databind.ser.bean.BeanSerializerBase._serializePropertiesNoView(BeanSerializerBase.java:745)
	at tools.jackson.databind.ser.BeanSerializer.serialize(BeanSerializer.java:171)
	at tools.jackson.databind.ser.BeanPropertyWriter.serializeAsProperty(BeanPropertyWriter.java:648)
	at tools.jackson.databind.ser.bean.BeanSerializerBase._serializePropertiesNoView(BeanSerializerBase.java:745)
	at tools.jackson.databind.ser.BeanSerializer.serialize(BeanSerializer.java:171)
	at tools.jackson.databind.ser.BeanPropertyWriter.serializeAsProperty(BeanPropertyWriter.java:648)
	at tools.jackson.databind.ser.bean.BeanSerializerBase._serializePropertiesNoView(BeanSerializerBase.java:751)
	at tools.jackson.databind.ser.BeanSerializer.serialize(BeanSerializer.java:171)
	at tools.jackson.databind.ser.BeanPropertyWriter.serializeAsProperty(BeanPropertyWriter.java:648)
	at tools.jackson.databind.ser.bean.BeanSerializerBase._serializePropertiesNoView(BeanSerializerBase.java:745)
	at tools.jackson.databind.ser.BeanSerializer.serialize(BeanSerializer.java:171)
	at tools.jackson.databind.ser.BeanPropertyWriter.serializeAsProperty(BeanPropertyWriter.java:648)
	at tools.jackson.databind.ser.bean.BeanSerializerBase._serializePropertiesNoView(BeanSerializerBase.java:745)
	at tools.jackson.databind.ser.BeanSerializer.serialize(BeanSerializer.java:171)
	at tools.jackson.databind.ser.BeanPropertyWriter.serializeAsProperty(BeanPropertyWriter.java:648)
	at tools.jackson.databind.ser.bean.BeanSerializerBase._serializePropertiesNoView(BeanSerializerBase.java:745)
	at tools.jackson.databind.ser.BeanSerializer.serialize(BeanSerializer.java:171)
	at tools.jackson.databind.ser.BeanPropertyWriter.serializeAsProperty(BeanPropertyWriter.java:648)
	at tools.jackson.databind.ser.bean.BeanSerializerBase._serializePropertiesNoView(BeanSerializerBase.java:751)
	at tools.jackson.databind.ser.BeanSerializer.serialize(BeanSerializer.java:171)
	at tools.jackson.databind.ser.BeanPropertyWriter.serializeAsProperty(BeanPropertyWriter.java:648)
	at tools.jackson.databind.ser.bean.BeanSerializerBase._serializePropertiesNoView(BeanSerializerBase.java:745)
	at tools.jackson.databind.ser.BeanSerializer.serialize(BeanSerializer.java:171)
	at tools.jackson.databind.ser.BeanPropertyWriter.serializeAsProperty(BeanPropertyWriter.java:648)
	at tools.jackson.databind.ser.bean.BeanSerializerBase._serializePropertiesNoView(BeanSerializerBase.java:745)
	at tools.jackson.databind.ser.BeanSerializer.serialize(BeanSerializer.java:171)
	at tools.jackson.databind.ser.BeanPropertyWriter.serializeAsProperty(BeanPropertyWriter.java:648)
	at tools.jackson.databind.ser.bean.BeanSerializerBase._serializePropertiesNoView(BeanSerializerBase.java:745)
	at tools.jackson.databind.ser.BeanSerializer.serialize(BeanSerializer.java:171)
	at tools.jackson.databind.ser.BeanPropertyWriter.serializeAsProperty(BeanPropertyWriter.java:648)
	at tools.jackson.databind.ser.bean.BeanSerializerBase._serializePropertiesNoView(BeanSerializerBase.java:751)
	at tools.jackson.databind.ser.BeanSerializer.serialize(BeanSerializer.java:171)
	at tools.jackson.databind.ser.BeanPropertyWriter.serializeAsProperty(BeanPropertyWriter.java:648)
	at tools.jackson.databind.ser.bean.BeanSerializerBase._serializePropertiesNoView(BeanSerializerBase.java:745)
	at tools.jackson.databind.ser.BeanSerializer.serialize(BeanSerializer.java:171)
	at tools.jackson.databind.ser.BeanPropertyWriter.serializeAsProperty(BeanPropertyWriter.java:648)
	at tools.jackson.databind.ser.bean.BeanSerializerBase._serializePropertiesNoView(BeanSerializerBase.java:745)
2026-08-14 23:48:53.200 [restartedMain] ERROR [traceId=n/a] c.e.a.c.c.StartupConnectionRunner - Échec de la connexion automatique au démarrage : JDBC exception executing SQL [ERROR: relation "schema_chunks" does not exist
  Position: 73] [select sc1_0.id,sc1_0.description,sc1_0.embedding,sc1_0.table_name from schema_chunks sc1_0 where sc1_0.table_name=?]; SQL [select sc1_0.id,sc1_0.description,sc1_0.embedding,sc1_0.table_name from schema_chunks sc1_0 where sc1_0.table_name=?]. L'agent reste utilisable via POST /api/connections/connect.
2026-08-14 23:50:24.610 [restartedMain] ERROR [traceId=n/a] c.e.a.c.c.StartupConnectionRunner - Échec de la connexion automatique au démarrage : could not execute statement [ERROR: expected 1536 dimensions, not 768] [insert into schema_chunks (description,embedding,table_name) values (?,?,?)]; SQL [insert into schema_chunks (description,embedding,table_name) values (?,?,?)]. L'agent reste utilisable via POST /api/connections/connect.
